, текст_обращения,label
0,суть претензия мед работник находиться филиал индивидуальный средство защита маска перчатка пациент отмечать претензия направлять улучшение качество обслуживание филиал ждать звонок администрация,0
1,доводить ваш сведение горячий линия обращаться обращаться пз 8.30 принимать анализ антитело коронавирус т 1 регистратор большой очередь клиент указывать несоблюдение социальный дистанция регистратор кашель,1
2,доводить ваш сведение горячий линия обращаться пз записываться онлайн клиент пз медсестра просто отказывать прием объяснять  « анализ нужный тратить деньги анализ выполнять » пациент запись онлайн итог сдавать смочь признак простудный заболевание контакт заболеть ковид пациент анализ необходимый госпитализация пациент повторяться неоднократно ранее клиент сдавать сдавать анализ получаться выяснение отношение мед работник филиал,1
3,доводить ваш сведение горячий линия обращаться пз очень холодно медсестра постоянно одеваться раздеваться замедлять работа пациент просить  « устранять проблема »,1
4,доводить ваш сведение горячий линия обращаться пациентка недовольный обращение пз сдача анализ предварительный запись пациентка смочь проходить свой время из-за очередь пациентка являться кормить мама важно проходить время сотрудник встреча пациентка пойти пациентка приходиться ожидать свой очередь улица пациентка недовольный большинство пациент маска пациентка просить разбираться принимать мера ждать срочный звонок администрация,1
5,суть претензия   –    пациент обращаться пз 8 30 ожидать очередь 10 30 сдавать биохимический исследование мед сестра итог отказывать прием сказать 10 30 запись ковид принимать успевать пациент оставлять жалоба почему почему длительный ожидание свой очередь смочь сдавать анализ,1
6,доводить ваш сведение горячий линия обращаться пациент дважды обращаться пз тихорецк утренний час 10 30 сдача биоматериал антитело коронавирус пациент недовольный сотрудник дважды отказывать пациент прием биоматериал объяснять отказ анализ сдаваться предварительный запись сотрудник горячий линия проинформировать пациент указанный исследование приниматься порядок живой очередь 10 30 пациент складываться ситуация подниматься давление пациент просить разбираться принимать мера ждать звонок администрация,1
7,доводить ваш сведение горячий линия обращаться пациент пациент обращаться пз краснодар примерно 13 14 час грудной ребенок сдача анализ грубый форма сказать медсестра сдавать анализ необходимо утро т момент обращение сдавать анализ ковид пациент возмущать форма отказ,3
8,доводить ваш сведение горячий линия обращаться фио пациент сдавать биоматериал исследование антимюллер гормон пациент обращаться сторонний лаборатория показатель результат отличаться пациент считать анализ наш лаборатория выполнять неверно,0
9,претензия хотеть клиент регистратор пз корректно вносить адрес электронный почта число пациент обращать внимание момент обращение регистратор попросить ожидать улица хотя помещение находиться 1 человек уточнять основание,1
10,пациент сдавать анализ пз пациент недовольный задержка выдача результат исследование  « макропролактин » ( срок выполнение  –  3 день причина пациент смочь попадать прием свой врач,1
11,пациентка обращаться пз запись ковид консультация цена возмущать пациент принимать маска огромный столпотворение человек медсестра бейджик работать перчатка пациентка медсестра очень долго отказываться записывать пациентка пцр ковид мотивировать очень пациент пациентка свой очередь отказываться записываться самостоятельно т пациент отстоять свой очередь просьба пациентка рассказывать подготовка анализ вызывать медсестра брать анализ снимать перчатка начинать искать документ пациентка недовольный подготовка анализ распечатывать лист сообщать цена анализ указывать дверь пз т считать весь должный озвучивать слух требовать доносить медсестра должный оказывать полный консультация т онлайн делать неудобно,1
12,пациент первый обращаться пз написать заявление получение документ налоговый вычет пациент медсестра каждый отказывать  « копия документ работать принтер время подходить »,1
13,претензия хотеть клиент  –  регистратор корректно вносить адрес электронный почта причина пациент смочь получать результат сразу готовность,3
14,пациент недовольный сотрудник отказывать прием биоматериал оака капиллярный кровь ребенок 1 месяц пациент заранее ознакомляться информация сайт горячий линия пациент проживать город время проводить дорога крайне недовольный отказ пациент просить разбираться принимать мера ждать звонок администрация,1
15,долгий ожидание пз сотрудник регистрировать проводить забор анализ,0
16,"сдача анализ обращаться фио пз пациент просить налаживать работа пз проводить работа сотрудник сотрудник отказывать взятие анализ т приходить запись сдача кровь 14.00 пациент пз никто кровь взять ),  пациент сообщать запись принимать 7 11 след день приезжать 6.30 приходить сотрудник сообщать сегодня принимать сбербанк  –  пациент недовольный работа пз сотрудник относиться человек нехорошо говорить точный информация считать ненормально приходиться повышать голос требовать взять анализ живой очередь",1
17,пациент записывать пз сдача анализ пцр коронавирус приходить рано 15 минута медсестра крик пациент выгонять пз никто разрешать посидеть тепло,1
18,обращение пз медсестра вести очень грубо пациентка настолько понравиться обращение медсестра решать обращаться анализ лаборатория просить доносить медсестра вести пациент,1
19,обращение пз клиент указывать необходимо проходить анализ итог проводить оака вносить заказ пз объяснять необходимо повторно обращаться проводить забор кровь клиент согласный т ребенок пациент 2 год,1
20,пациент устраивать анализ пцр коронавирус выполнять ранее указанный срок сдавать анализ,0
21,постоянный пациент недовольный пз работать 1 сотрудник причина оформление идти очень медленно пациент длительно ожидать свой очередь улица холод пациент считать администрация уважать свой пациент пациент просить разбираться принимать мера ждать звонок администрация течение 2 х рабочий день,0
22,пациент обращаться пз медсестра пропускать вперед хотя очередь пациент грубить,0
23,суть претензия   –  пациент записывать 14.00 сдача анализ пцр коронавирус подходить назначать время медсестра сказать ожидать улица пациент простаивать час медсестра выходить отказывать прием время пациент проходить пациент просить разбираться принимать мера ждать звонок администрация,0
24,пациент требовать навещать порядок кадр считать сотрудник работать пз иметь право брать кровь мазкий заниматься оформление,3
25,пз отказывать безналичный оплата отправлять наличный деньги оплата наличные позвонить оставлять второй жалоба выдавать кассовый чек сообщать составлять жалоба министерство здравоохранение,3
26,пациент недовольный качество обслуживание пз очередь двигаться очень медленно человек очень медленно принимать пациент намеривать жаловаться роспотребнадзор требовать лишение лицензия очень ждать обратный связь руководство,3
27,пз человек выполнять весь функция регистратор медсестра уборщица человек здание пускать человек очередь стоять мороз 40 минута т сотрудник выходить кабинет,0
28,пациент обращаться пз очень большой очередь дистанция 2 час ждать очередь сдавать анализ смочь пациент 3 день ездить пз сдавать анализ мочь принимать мера добавлять сотрудник изменять ситуация обратный связь,0
29,претензия хотеть клиент анализ  « посев условно патогенный микрофлора »  дата выполнять заявлять срок,0
30,пациент недовольный пз хамский отношение медсестра медсестра представляться носить бейдж обращаться бабушка медсестра объяснять скидка получать предъявление пу след день обращаться отец вновь хамский отношение медсестра сказать договор иметь право заполнять отец дочь мочь вносить никакой данные,3
31,пациентка приходить пз прождать улица свой очередь 10.15 м отказываться взять анализ антитело коронавирус медсестра сказать  « некогда приходить завтра » пз весь 2 человек,0
32,пациент недовольный исследование код 796 797 дата выполнять срок установленный лаборатория причина пациент смочь начинать обучение учреждение пациент считать лаборатория выполнять свой обязательство пациент просить разбираться принимать мера ждать срочный звонок администрация,3
33,пациент недовольный пз сочи 7 15 закрывать пациент крайне недовольный ситуация просить разбираться принимать мера ждать звонок администрация,3
34,пациент недовольный результат исследование антитело коронавирус ig m стоять высокий показатель пациент показатель должно плохой самочувствие пациент считать результат,0
35,"претензия хотеть клиент  –  пациент пз сдавать анализ моча общий анализ моча нечипоренко результат анализ приходить идеальный пациент пересдавать лаборатория анализ результат оказываться очень  « плохой »,  считать лаборатория ставить жизнь угроза жаловаться весь инстанция",1
36,пациент записывать сайт обращение пз медсестра уточнять : « планировать сдавать мазок кровь » пациент сообщать интересовать анализ антитело пациент медсестра порекомендовать сдавать пцр коронавирус итог производить забор качество мазок получать результат пациент думать результат пцр коронавирус указывать информация антитело,3
37,пациентка недовольный пз очень медленно принимать пациент пз приходить 8.00 10.30 смочь сдавать анализ звонить данна жалоба дважды,0
38,пациент сдавать анализ антитело коронавирус пз пациентка недовольный результат исследование муж одинаковый соединять врач консультант пациентка требовать пояснение,1
39,доводить ваш сведение горячий линия обращаться фио дата оформлять вызов медсестра дом пациент ожидать медсестра сдача анализ дом 7.00  –  13.00 медсестра предупреждать 13 10 задерживаться из-за пробка город клиент позвонить гл день 13 20 поверять город пробка недовольный столько время пациент еда ожидать мочь агрессивный,0
40,претензия хотеть клиент  –  сдавать анализ 3 человек лаборатория выдавать 2 результат из-за впускать самолет просить оплата производить повторный тестирование 3х человек,0
41,пациентка обращаться пз 15 час принимать анализ около 16 час жалоба долгий обслуживание медсестра смочь взять анализ антитело коронавирус пациент медсестра искалывать весь вена посоветовать обращаться завтра специалист пациент просить разбираться предоставлять скидка ждать звонок администрация,0
42,пациент обращаться пз медсестра грубо общаться торопить пациент просить помощь пациент подавать пробирка обращать,3
43,обращаться пациент жалоба отсутствие горячий линия врач консультант врач рабочий день сокращать находиться отпуск причина пациент мочь воспользоваться услуга интерпретация результат пациент просить разбираться принимать мера ждать звонок администрация,3
44,пациент недовольный платный обращение консультация врач прием выясняться сотрудник пз распечатывать результат прошлогодний дата пациент недовольный сотрудник допускать ошибка внесение адрес электронный почта причина пациент получать результат сразу готовность пациент код получение результат смс сообщение получать документ оплата пациент недовольный зря заплатить врач прием,3
45,пациент недовольный пз находиться медсестра очень медленно обслуживать пациент около 5 человек час образовываться большой очередь около 10 человек ждать улица пациент считать пз необходимый администратор оформление документ,1
46,пациентка записывать организация сбербанк пз сдача пцр коронавирус клиент находиться пз 14.00 14.40 медсестра отказываться принимать анализ ссылаться плохо печатать принтер час прийти клиент нужно оставлять краска,1
47,пациент обращаться пз оформление электронный почта вносить ошибка пациент получать результат пациент недовольный срок выполнение анализ анализ выполнять рано,3
48,пациент возмущать лаборатория принимать анализ ковид госпитализация знать выходить новый закон говориться госпитализация пцр мазок требоваться хотя лаборатория предупреждать пациент недовольный весь лаборатория консультировать врач расшифровка анализ мочь дождаться 2 день пациент просить разбираться вернуть денежный средство ждать звонок администрация,0
49,пациентка длительный время пытаться дозваниваться пз записываться прием педиатр пз никто брать трубка оператор брать контактный данные передавать пз звонок по-прежнему поступать обращение лично пз отказываться записывать врач,0
50,пациент обращаться пз жаловаться хамский поведение сотрудник медсестра регистратор лицо безразлично взять анализ ковид  (« помазать »),3
51,"претензия хотеть клиент  –   оформление заказ указывать неверный данные фио ),  зарегистрировать заказ сын вместо отец ждать звонок администрация",3
52,пациент обращаться указанный пз сдача анализ свой ребенок пациент недовольный свой очередь приходиться ждать улица снегопад мороз пациент считать случай необходимый предварительный запись просить разбираться принимать мера,0
53,пациент заранее ознакомляться адрес филиал  « 2гис » пациент обращаться удобный филиал пз сдача биоматериал исследование пцр  « коронавирус » пациент недовольный  « 2гис »  никакой информация ограничение прием биоматериал ковид пациент потерять деньги время пациент просить разбираться принимать мера ждать звонок администрация,1
54,претензия хотеть клиент –  пациент хотеть записываться узи телефон сотрудник пз нахамить узи записывать предлагать никакой время,3
55,претензия хотеть клиент  –  сотрудник пз внимательный давать сотрудник лист назначать анализ вносить взять весь анализ считать обязанный ничто проверять,3
56,"претензия хотеть клиент  –  пз работать квалифицированный сотрудник мочь назначать анализ информация медсестра являться врач мочь назначать анализ слышать ),  разговор позволять оскорблять сотрудник пз",3
57,претензия хотеть клиент  –  клиент обращаться пз сдача анализ  « пцр фемофлора » горячий линия предоставлять информация проводиться забор исследование 19 00 пз отказывать причина т отъезд машина клиент обращать внимание медицинский персонал вести корректно смеяться,1
58,пациент недовольный результат исследование английский язык клиент допускать ошибка пациент недовольный результат вносить паспортный данные пациент утверждать сотрудник оформление пообещать результат паспортный данные вносить просить разбираться ждать срочный обратный связь пациент завтра вылет,1
59,пациент обращаться пз получение результат отказывать проводиться забор исследование ковид 19 сотрудник сбербанк человек регистрировать провожать забор анализ связь долгий ожидание,1
60,пациент крайне недовольный вместо исследование  « мно »  выполнять  « ачтв » пациент просить разбираться принимать мера ждать звонок администрация,3
61,претензия хотеть клиент  –  недовольный изначально выдавать лицензия указывать договор пз медсестра отказываться помогать вопрос клиент недовольный пз работать сотрудник ждать обратный связь итог рассмотрение,3
62,претензия хотеть клиент  –  пациент обращаться направление врач пз сдача анализ пациент попросить подсказывать анализ сдаваться 3 5 день менструальный цикл регистратор начало по-хамски вести отношение пациент отказываться  « подсказывать »  анализ необходимо сдавать,3
63,"претензия хотеть клиент  –   обращаться самостоятельно пз г краснодар проинформировать регистратор исследование  « тромбодинамика »,  сдаваться зависимость прием л гепарин пациент направлять пз –  оформление давать пз проинформировать время спрашивать сколько делать укол обращение лечить врач готовый результат врач сказать анализ сдавать верный",1
64,пациент недовольный грубый обращение сотрудник пз пациент записывать 12.00 пцр ковид 12 час закрывать дверь пациент технический перерыв пациент довольный приходиться ждать улица,0
65,"пациент жаловаться сотрудник пз взятие кровь пациент появляться гематома пол рука пациент ),  вопрос почему синяк медсестра отвечать  « проблема » хотеть уточнять причина мочь повлиять появление гематома жаловаться обращаться частный лаборатория платить деньги мучиться боль место",3
66,претензия хотеть клиент  –  недовольный 30 мина брать анализ несколько прокалывать игла итог ребенок синяк анализ выбраковывать клиент прозвонить сообщать брак ждать обратный звонок итог рассмотрение жалоба,3
67,претензия хотеть клиент  –  пациент обращаться пз первый каждый хамский отношение грубить постоянно кричать,3
68,пациентка крайне недовольный готовность результат анализ приходить электронный почта пациент просить разбираться принимать мера ждать звонок администрация,3
69,претензия хотеть клиент  –  пациент обращаться пз восстановление чека ранее проинформировать горячий линия место необходимо составлять заявление восстановление документ медсестра подобающий начало вести диалог отношение пациент сказать ничто известно полный информация владеть горячий линия документ восстанавливаться сказать обращаться вопрос праздник,3
70,"претензия хотеть клиент  –  пз анализ лежать беспорядочно , « навалить куча »,  перепутывать чей сомневаться анализ потеряться пациент сделать фотография требовать течение 2 час связываться руководство давать объяснение угрожать оставлять жалоба государственный служба течение весь разговор использовать нецензурный брань",3
71,претензия хотеть клиент  –  обращаться пз распечатка реузльтат анализ 18.30 закрывать график пз работать 19.00 пациент ждать обратный связь,0
72,претензия хотеть клиент  –  довольный работа медсестра пациент медсестра протирать место забор анализ спиртовой салфетка плохо прикреплять пластырь ждать обратный связь итог рассмотрение,3
73,претензия хотеть клиент  –  недовольный медсестра впз брать анализ оформлять заказ недовольный медсестра пациент течение час мочь верно заполнять данные пациент адрес эл почта постоянно допускать ошибка,3
74,претензия хотеть клиент –  медсестра находить карта дисконтный база начислять накопление карта пациентка требовать начисление накопление размер 3000р,3
75,пациент недовольный результат анализ пцр фемофлора 16 результат указывать недостаточный кол материал пациент заинтересовывать результат соблюдать подготовка правильно специально обращаться лаборатория пациент считать анализ из-за недостаточный количество материал адекватный,3
76,"пациент недовольный сотрудник оформление невнимательный допускать ошибка персональный данные пациент недовольный сотрудник неверно проинформировать пациент срок получение результат комплекс  « определение стадия инфекционный процесс ковид 19 »,  пообещать выдача результат дата сотрудник проинформировать пациент анализ выполняться рано сотрудник пз смочь исправлять дата формирование документ нужный результат готовый рано обещать срок самый сотрудник пз  « наказывать пациент »  денежный сумма пациент просить разбираться принимать мера ждать звонок администрация",0
77,претензия хотеть клиент  –  пациент недовольный пз медсестра оформлять заказ брать анализ работать сотрудник,3
78,медицинский сотрудник работать пз непозволительный общаться пациент,3
79,претензия хотеть клиент  –  пациент недовольный пз большой очередь долгий заполнение документ выдавать документ заполнение улица мочь ускорять процесс,0
80,пациент забывать выдавать результат английский язык пз медперсонал очень рассеянный супруга искалывать рука сдача анализ накладывать повязка обратный связь просить давать эл почта,3
81,пациент недовольный пз лавочка,1
82,"претензия хотеть клиент  –  пациент недовольный задержка результат сдавать анализ дата момент звонок анализ готовый звонок бак отдел сказать материал поступать след день забор работа пациент платный запись врач город дата ),  должный предоставлять результат исследование",0
83,претензия хотеть клиент  –  пациент создавать заявка 10 скидка сайт сл пациент недовольный медсестра смочь применять цена привязывать заявка № 186501 пациент утверждать медсестра находить заявка смочь применять скидка,0
84,претензия хотеть клиент  –  согласный выполнять анализ мочь просить комментарий выполнение анализ анализ сдавать разница 3 день анализ лейкоцит 3200 второй анализ 3 день результат совершенно комментарий врач консультант пациент устраивать,1
85,претензия хотеть клиент  –  справка инвалидность сделать скидка утверждать документ предоставлять подходить предлагать воспользоваться купон,0
86,претензия хотеть клиент  –  работать 1 сотрудник оформлять документ выполнять забор анализ происходить очень долго очередь полный оформление пациент занимать 15 20 минута сегодня пациент обращаться сдача анализ просиживать очередь длительный время сдавать анализ медсестра становиться разбираться пациент возврат денежный средство пациент прождать 30 40 минута уезжать сдавать анализ,0
87,претензия хотеть клиент  –  пациент медицинский сестра отказываться производить забор кровь медицинский сестра хотеть взять кровь вена кисть пациент место вена плохой подсказывать вена медицинский сестра сказать учить отказываться вообще производить забор кровь кровь все-таки взять медсестра пациент угрожать сделать 50 дырка крайне возмущать отношение,3
88,претензия хотеть клиент  –  отказ внесение результат пцр ковид марка срок годность тест система хамский отношение сотрудник,3
89,претензия хотеть клиент  –  обращаться пз сдача анализ кровь ребенок обращаться клиент медицинский сестра вести грубо поздороваться ребенок начинаться истерика муж обращаться держать ребенок рука подвигать стол медсестра накричать ничто кабинет трогать недовольный грубый обращение медицинский сестра пз анализ сдавать обращаться снова лаборатория желание,3
90,претензия хотеть клиент  –  оставлять жалоба оператор т неверно проинформировать график работа пз,3
91,претензия хотеть клиент  –  пациент жаловаться оператор колл центр пациент обращаться горячий линия запись пцр тест кровь антитело оператор записывать пациент 16 40 проинформировать пациент мочь сдавать кровь мазок 16 40 соблюдать подготовка обращение пациент пз назначать время сотрудник отказывать прием кровь объяснять отказ кровь приниматься первый половина день машина уезжать лаборатория 14 00 пациент недовольный впустую потратить свой время искать оставлять дома малыш,1
92,претензия хотеть клиент  –  хотеть проводить анализ просить изначально регистратор оформлять анализ бегать писать заявление возврат хотеть,3
93,"претензия хотеть клиент  –  пациент : « равнодушный обращение пациент давать возможность задавать интересовать вопрос »
",3
94,претензия хотеть клиент  –  м 3 х человек смочь взять кровь вена ребенок весь рука истыкивать обморок доходить  « рука весь синий ребенок истерик страх весь жизнь »  перчатка м менять пациент крайне возмущать,3
95,претензия хотеть клиент  –  ребенок взять кровь палец оака попытка взять венозный кровь выполнять неполноценный результат причина  « мало кровь »,3
96,претензия хотеть клиент  –  утверждать филиал работать некомпетентный невнимательный специалист время обращение медсестра досматривать список пациент общий анализ кровь соответственно взять пациент 3 год 3 месяц обращаться повторно медсестра вообще смочь взять кровь ребенок,3
97,претензия хотеть клиент  –  пациент жаловаться удобный ступенька инвалид тяжело подниматься узкий пологий ступень поручень пандус дверь открываться удобно подаваться сторона,0
98,претензия хотеть клиент обращаться сегодня сдача анализ аллерген мед сестра сделать замечание ребенок кашлять короновирус попросить надевать маска клиент отдавать свой маска ребенок оставаться маска регистратура маска мед сестра швырнуть маска лицо : “ свой иметь ” клиент отказываться заполнять документ сдача анализ уходить клиника общаться вежливо попросить маска,0
99,претензия хотеть клиент  –  пациент обращаться сдача анализ оформляться никто спрашивать дисконтный карта пациент сказать карта регистратор отвечать поздно говорить карта распечатывать пациент попросить сделать отмена таки добавлять карта товарный чек регистратор отвечать отказ сказать карта пользоваться итог пациент сдавать анализ учет дисконтный карта недовольный,0
100,претензия хотеть клиент  –  клиент сдавать анализ анти коронавирус выполняться течение 2 х сутки считать день сдача пз сориентировать результат 29.10 9 00 результат анализ находиться стадия выполнение оставлять жалоба вводить заблуждение пз перевод звонок пз регистратор сказать смена поэтому нести ответственность,0
101,претензия хотеть клиент  –  недовольный регистратор грубить вести неподобающий указывать ошибка фамилия регистратор сказать  « внимательно читать » пациент кидать бумага требоваться обратный связь итог рассмотрение жалоба,3
102,претензия хотеть клиент  –  сотрудник лаборатория принимать штрих код скидка 300 рубль приходить почта сказать оборудование чтение вообще знать штрих код,0
103,претензия хотеть клиент  –  пациент обращаться пз забирать результат анализ сделать смочь филиал закрывать перерыв пациент пункт забор указывать перерыв 11 45 12 00 обращаться 12 20 дверь закрывать хотеть расписание перерыв отредактировать,0
104,претензия хотеть клиент  –  пациент сдавать анализ 287 предварительно обращаться горячий линия врач консультант сказать сдавать анализ пациентка переболеть ковид 19 1.5 неделя назад утверждать анализ сдавать несвоевременный т терапевт наблюдаться сказать сдавать анализ ранее месяц заболевание требовать вернуть денежный средство,1
105,претензия хотеть клиент  –  пациент обращаться сдача пцр тесто запись приходить 14 18 сотрудник сказать сдача необходимый предварительный запись пациент попросить предоставлять документ указывать время работа пз время взятие биоматериал указывать пцр тест запись сотрудник отказываться становиться хамить выгонять пациент оставлять жалоба сайт просить разбираться сотрудник ждать обратный связь,0
106,претензия хотеть клиент  – обращаться лаборатория сдача анализ антитело м иды госпитализация медсестра сказать выполняться новый совместный анализ м иды стоимость 700рублей итог выполнять анализ сотрудник лаборатория мочь лишаться возможность госпитализация требовать возврат денежный средство компенсация подавать досудебный претензия медсестра ждать ответ,1
107,"претензия хотеть клиент обращаться дочь линия связь сегодня отец смочь сдавать анализ пз из-за зависать компьютер пз возмущать мед персонал обращаться хамски грубый форма отвечать вопрос пациент ранее лаборатория сдавать пцр вместе обычный анализ отказывать отвечать   : « » , утверждать подтверждение т постоянный клиент просить разбираться ситуация отец пожилой онкобольной реагировать остро случаться позвонить дочь дрожать голос",3
108,"претензия хотеть клиент  –  недовольный сдача анализ просчитывать скидка 10 %,  предъявлять карта карта 20 %) недовольный непрофессионализм администратор просить сделать перерасчет требоваться обратный связь",0
109,претензия хотеть клиент  –  недовольный приходить пз сдавать анализ ковид м сказать одевать бахила улица пз допускать сдавать анализ пациент ждать звонок администрация пациентка перезаписывать 16.00 день т поесть,1
110,претензия хотеть клиент  –  пациент обращаться пз уточнять информация анализ 15 минута ждать очередь время пациент находить информация комплекс анализ интересовать попросить регистратор сделать распечатка комплекс регистратор отказывать ссылаться приходить пациент запись пцр тест нужно обслуживать пациент недовольный помогать пз ждать обратный связь,1
111,претензия хотеть клиент  –  обращаться ребенок сдача анализ бассейн общий очередь сдавать анализ ребенок очередь пропускать хотя baby lab клиент сдавать здоровый больной пациент пцр ковид антитело пациент оплачивать нужный анализ ребенок нужно взять соскоб энтеробиоз вместо анализ взять оака ребенок выходить слеза мать пациент спрашивать получаться медсестра отвечать перепутывать пациентка итог соскоб взять пациент недоумение работа филиал очень хотеть поговорить руководство работа филиал ждать обратный связь,0
112,претензия хотеть клиент  –  сегодня обращаться сдача анализ ребенок 7 год п з обращаться часто ранее брать анализ аккуратно довольный сегодня анализ брать медсестра напугать ребенок искалывать весь рука мама останавливать обращаться ресепшн приходить медсестра взять спокойно быстро анализ пациентка медсестра работать ребенок должный оставлять отзыв книга жалоба предложение ждать ответ обращение горячий линия,3
113,претензия хотеть клиент  –  пациент приезжать населенный пункт сдача анализ сдавать хотеть код 520 оформлять договор ожидать очередь пациент подходить мед персонла сказать анализ брать работать стажер стажер бояться брать анализ попросить приезжать 2 день сдача анализ пациент недоумение потратить время деньги дорога просить руководство разбираться почему работать квалифицированный сотрудник бояться брать анализ ждать обратный звонок,0
114,претензия хотеть клиент  –  пациент беременный находиться 35ой неделя беременность обращаться пз сдача гинекологический мазок жалоба мед сестра мед сестра грубо вести насмехаться пациент взятие анализ продолжать насмехаться издеваться очень больно неприятный взять мазок пациент пригрозить обращаться контактный центр сказать фамилия мед сестра пациент просить проводить беседа работник,3
115,претензия хотеть клиент  –  сдавать пцр ковид пациентка : « м повреждать слизистая оболочка оба ноздря нос течение 3х час идти кровянистый выделение замечание м никак отреагировать » клиент хотеть узнавать фио м давать обратный связь,3
116,претензия хотеть клиент  –  пациент обращаться пз сдача анализ обслуживать сотрудник вести запись принимать оплата заполнять документ брать анализ пациент попросить мед сестра сменить перчатка взять анализ мед сестра отказывать становиться повышать тон хамить итог пациент анализ сдавать мед сестра соблюдать гигиенический норма,0
117,претензия хотеть клиент  –   позвонить горячий линия высылать результат анализ электронный почта заказ адрес эл почта указывать утверждать предоставлять почта регистратор пз чек сохраняться номер телефон код приходить вносить эл почта заказ возможность пз забирать результат хотеть контактировать человек довольный работа сотрудник вносить эл почта высылать код номер телефон получать анализ,0
118,претензия хотеть клиент  –  недовольный м пз сказать анализ qr код появляться гос услуга отображаться требовать возврат ден средство пациент ждать звонок администрация,0
119,претензия хотеть клиент  –  жалоба сотрудница пз накричать пациентка просьба помогать заполнение документ итог помогать медработник брать анализ сегодня получение анализ ситуация повторяться,3
120,"претензия хотеть клиент  –  пац являться доктор приходить сдавать антитело ag ),  запись утренний время регистратор сказать требоваться запись сдача анализ узнавать изначально подходить пациент сидеть маска подбородок отвечать ухмыляться клиент попросить надевать маска правило сотрудница отвечать являться заразный окружающие маска мочь надевать удобно мед сестра  –  сильно хамить обращать решать тон разговаривать отказываться предоставлять документ иметь право делать забор анализ отсутствие сертификат пациент бейджик сотрудник пз",0
121,претензия хотеть клиент  –  пациент уточнять момент обращение пз  –  загружаться данные портал гос услуга  « анти коронавирус » регистратор сориентировать наш лаборатория автоматически загружаться результат просить разбираться ситуация предоставлять обратный звонок пациент вводить заблуждение предоставлять корректный информация,0
122,претензия хотеть клиент  –  пациент сдавать пцр тест коронавирус супер cito пз результат анализ просить выдавать распечатывать вид живой печать подпись ответственный лицо пз предупреждать м обращаться результат м просто распечатывать результат сказать нчем мочь место требование формат результат анализ пригодный иной случай результат анализ выдавать надлежащий вид 9 00 13.11 обращаться суд взыскание сгорать путевка,0
123,"претензия хотеть клиент  –  обращаться пз забор исследование  « анти коронавирус »,  время 11 30 отказывать ссылаться забор оканчивать мед сестра необходимо успевать принимать пища пациент обращать внимание мед сестра принимать 1 пациент 20 минута последний очередь отказывать пациент сложно выдерживать время 4 час голод мед сестра относиться бездушно требоваться обратный звонок",1
124,претензия хотеть клиент  –  пациент записывать пцр ковид код 554 16 20 пациент : « задерживаться 5 минута м сказать принимать 16 20 поздно » просить обратный связь настойчиво,3
125,претензия хотеть клиент  –  нужно срочно попадать прием терапевт оплачивать принимать ничто толком объяснять просить либо принимать либо вернуть деньги сотрудник филиал ничто хотеть решать отправлять  –  позвонить пациент просить решение вопрос обратный связь,3
126,претензия хотеть клиент  –  беременный девушка обращаться пз сдача анализ попросить ожидать улица связь маленький помещение кроме девушка улица ожидать пациент просить решать возникать ситуация выделять помещение лаборатория вмещать пациент просить обратный звонок,1
127,претензия хотеть клиент  –  клиент вчера обращаться пз уточнение информация анализ анти коронавирус место полностью проконсультировать озвучивать стоимость анализ  « 700 руб » обращение сегодня пз оформление заказ выставлять итоговый стоимость оплата  –  790 руб клиент возникать дополнительный вопрос почему изначально оговаривать стоимость размер 700 руб сегодня  –  790 руб регистратор обьяснивать разница производство тест-система отечественный американский клиент спрашивать : « почему предоставлять право выбор анализ » регистратор медицинский сестра сказать : «  –  терапевт » человек ожидать очередь начинать агрессивный вести отношение клиентка налетать из-за задерживать очередь сотрудник пз оставаться сторона начинать повышать тон ухмыляться клиентка попросить предоставлять книга жалоба долгий время сотрудник мочь находить заказ клиентка аннулировать конец выход отделение сотрудница сказать : « извинять » клиент просить обращать внимание отношение относиться сотрудник пациент смочь пресекать ситуация пациент начинать проявлять агрессия клиентка,1
128,претензия хотеть клиент  –  пациентка заранее связываться гл узнавать подготовка урогенитальный мазок оператор сказать двое сутки необходимо исключать применение вагинальный свеча м нахамить клиент сказать ничто понимать гл никто ничто понимать брать б м доводить состояние  « трясучка »  рука м пациентка связываться оператор повторять информация подготовка м допускать повышение голос скандал взять б м м извиняться доводить нервный состояние беременный женщина,1
129,претензия хотеть клиент  –  обращаться пз предоставлять направление список требовать анализ пациент видеть оплачивать результат поступать пац утверждать мед сестра взять показатель нужно 123 ат тпо взять 287 антитело  – короновирус спрашивать почему происходить решать проблема решение ожидать обратный связь,0
130,"претензия хотеть клиент жаловаться пз смочь распечатывать результат анализ связь кончаться краска предлагать оператор направлять эл формат распечатывать самостоятельно пациентка отказываться сказать : « деньги отдавать анализ печатать ничто »
",0
131,претензия хотеть клиент  –  пациентка недовольный 11.40 м отказываться принимать анализ,3
132,претензия хотеть клиент  –   медсестра агрессивный грубый кричать вступать дискуссия просить обращать внимание поведение проводить беседа дальнейший обращаться пациент корректно спокойно просить применять серьезный дисциплинарный взыскание обратный связь,3
133,пациент недовольный качество обслуживание звонок пациент переводить оператор горячий линия указанный пз запись обследование узи брюшной полость пациент недовольный сотрудник позволять дерзкий хамский тон общение пациент высказывать свой недовольство звонок пациент переводить пациент считать поведение сотрудник недопустимый просить разбираться принимать мера обязательно ждать звонок администрация,3
134,претензия хотеть клиент  –  пациент требовать результат анализ прописывать срок годность тест система нужный обратный связь,1
135,претензия хотеть клиент  –   медрегистратор оформлять очень медленно 20 мина человек консультироваться весь вопрос просьба работать быстро никак отреагировать предоставлять сразу скидочный карта увидеть сказать поздно даль заплатить скидка из-за обслуживание пз опаздывать свой работа хотеться работать быстро качественный обратный связь требоваться,0
136,претензия хотеть клиент  –  пациент обращаться пз сдача анализ несовершеннолетний ребенок пока пациент оформляться регистратура медсестра должный брать анализ ребенок выходить полог пз покурить замечание пациент медсестра работник регистратура начинать грубить понимать причина возмущение пациент считать недопустимо ребенок брать анализ медсестра пахнуть сигарета пациент желать связываться итог рассмотрение обращение,1
137,"претензия хотеть клиент  –   сестра обращаться пз сдача анализ антитело коронавирус хотеть воспользоваться скидка 30 акция  « мама папа  –  вирус семья »,  документ подтверждать родство сестра свидетельство рождение паспорт свидетельство заключение брак подтверждать смена фамилия пз отказывать скидка утверждать подобный родство подпадать действие акция предъявлять документ посмотреть",1
138,"пациент недовольный лаборатория принимать биоматериал венозный кровь ),  собирать пациент самостоятельно маломобильный пациент пациент отказываться услуга  « выезд медицинский сестра »  обращаться пз самостоятельно пациент просить разбираться настаивать звонок ответственный лицо мочь решать указанный вопрос ждать обратный связь",1
139,пациент заранее создавать заказ сайт компания выбирать комплексный пакет   « женский здоровье »   « состояние щитовидный железа » адрес электронный почта пациент поступать подтверждение заявка итоговый сумма учет сумма весь скидка 3 866 рубль пациент недовольный факт сдача анализ сотрудник пз озвучивать сумма 4 484 рубль клиент ультимативный форма объявлять легко обращаться суд составлять жалоба почта приходить договор  « публичный оферта »  самый вводить заблуждение повод стоимость возможно пациентка суммировать весь возможный скидка знать суммироваться программа вычислять конечный стоимость услуга ограничение заказ отменять,0
140,пациент недовольный сотрудник неверно проинформировать срок выполнение исследование пациент обращаться указанный пз сдача биоматериал исследование число  « антитело рецептор ттг »   « йод сыворотка » сотрудник пообещать пациент выдача результат следующий день пациент заранее оплачивать прием врач пациент просить разбираться принимать мера ждать звонок администрация,3
141,претензия хотеть клиент  –  приезжать сдача анализ сг считать зря потерять время т простаивать очередь весь пациент хотя спермосдаточный пустой оставаться крайне недовольный,0
142,претензия хотеть клиент  –  хамский отношение клиент регистратура,3
143,претензия хотеть клиент  –  регистратор очень грубо общаться пациент хамить грубить отказываться исправлять паспортный данные пациент взять пцр мазок ковид нос пациент ожидать звонок администрация,3
144,претензия хотеть клиент  –  обращаться неделя назад забор кровь вена ребенок пз забор производить сегодня медсестра отказываться сказать ребенок год забор производить пациентка возмущать ребенок приходиться прождать очередь час получать ответ,3
145,претензия хотеть клиент  –  пациентка возмущать пз сказать сдача анализ член семья предъявление документ подтверждать родство полагать скидка 30 пациентка требовать возмещать разница учет скидка 30,0
146,претензия хотеть клиент  –  пациентка хотеть сдавать анализ код 512 пцр вирус простой герпес тип 1 2 кровь медсестра сказать анализ медсестра взять анализ антитело вирус простой герпес тип 1 2 g анализ подходить пациент пациентка ждать обратный звонок,1
147,претензия хотеть клиент  –  недовольный пз медсестра просить добавлять м пз итог рассмотрение необходимый обратный связь,1
148,претензия хотеть клиент  –  пациентка возмущать пз работать регистратор  « разрываться »  оформление сдача кровь утверждать очередь прождать ровно 2 час очень надеяться взять работа регистратор пациентка устраивать большой поток человек использовать бахила стоять маленький мусорка сложно попадать,0
149,"претензия хотеть клиент  –   некорректный поведение сотрудник пз супруг пациентка обращаться сдача исследование моча привозить контейнер материал ),  супруга предупреждать исследование необходимо выполнять возможность уточнять забывать телефон поэтому пациентка соединять горячий линия пз проинформить сотрудник свой ситуация итог супруга высмеивать сотрудник пз курс исследование необходимо выполнять",1

150,звонок обслуживание работник средство мед ждать перчатка филиал пациент защита претензия филиал отмечать суть претензия индивидуальный направлять находиться администрация улучшение качество маска ,0
151,8.30 указывать социальный обращаться принимать коронавирус регистратор обращаться анализ большой кашель сведение очередь горячий т линия ваш несоблюдение 1 дистанция регистратор антитело клиент доводить пз ,1
152,онлайн горячий пациент отношение клиент просто сведение тратить прием медсестра нужный пациент госпитализация заболеть выполнять « ваш простудный признак клиент анализ работник итог деньги ранее отказывать выяснение онлайн заболевание пз необходимый запись доводить » сдавать неоднократно ковид записываться анализ анализ повторяться смочь получаться мед сдавать объяснять пз обращаться линия сдавать пациент филиал анализ контакт ,1
153,доводить просить одеваться обращаться проблема очень медсестра постоянно » замедлять работа пациент раздеваться сведение горячий холодно пз « устранять линия ваш ,1
154,обращение очередь срочный предварительный свой администрация приходиться звонок маска просить принимать линия смочь недовольный пациентка пациентка доводить обращаться запись мера проходить пациентка ожидать пациентка сдача встреча мама пациентка пойти ваш свой ждать кормить сотрудник пациентка горячий анализ пациент время время пз сведение очередь недовольный важно из-за пациентка улица являться большинство разбираться проходить ,1
155,ожидать претензия обращаться 10 длительный итог успевать 10 свой сдавать почему исследование сдавать 8 запись принимать 30 жалоба отказывать анализ пациент смочь мед – сестра 30 биохимический сказать 30 ковид оставлять пз пациент ожидание очередь почему суть очередь прием ,1
156,приниматься обращаться очередь указанный биоматериал ваш час исследование пациент 10 коронавирус подниматься горячий сотрудник дважды пациент проинформировать линия пациент сдача объяснять анализ пациент биоматериал горячий антитело порядок 10 отказ складываться пз ситуация пациент принимать доводить обращаться ждать отказывать дважды живой тихорецк запись предварительный мера 30 сдаваться 30 просить прием разбираться сведение администрация звонок пациент недовольный давление линия утренний сотрудник ,1
157,ребенок пз сдача пациент сдавать ковид 14 анализ горячий возмущать линия ваш медсестра обращение момент пациент сказать сведение час т доводить примерно форма грудной пациент утро отказ форма 13 необходимо обращаться сдавать краснодар анализ обращаться анализ грубый ,3
158,сведение результат линия показатель доводить ваш анализ неверно гормон исследование выполнять горячий считать обращаться отличаться пациент лаборатория антимюллер сдавать лаборатория сторонний биоматериал обращаться фио пациент наш пациент ,0
159,хотеть внимание попросить почта момент хотя пз 1 помещение электронный ожидать корректно регистратор претензия клиент адрес пациент улица уточнять основание число находиться вносить обращение обращать человек регистратор ,1
160,задержка пз пациент выдача срок анализ » исследование день смочь макропролактин 3 попадать результат прием пациент « сдавать ( – свой выполнение пациент врач причина недовольный ,1
161,очередь вызывать оказывать человек записываться считать пз недовольный озвучивать рассказывать самостоятельно онлайн мотивировать должный т пациент медсестра пациентка медсестра консультация сообщать требовать пцр указывать брать цена пациент снимать принимать очень ковид перчатка пациентка работать отказываться очень начинать консультация дверь отстоять весь пациентка анализ лист столпотворение свой очередь цена огромный неудобно записывать свой слух подготовка бейджик анализ долго т просьба искать документ медсестра отказываться доносить ковид распечатывать обращаться анализ должный пз полный пациентка анализ запись пациентка делать возмущать перчатка пациентка подготовка т медсестра пациент маска ,1
162,подходить пациент документ заявление получение каждый отказывать работать налоговый пациент обращаться медсестра пз » « написать вычет время копия документ принтер первый ,1
163,– адрес корректно вносить сразу регистратор хотеть пациент смочь причина получать готовность клиент электронный претензия почта результат ,3
164,звонок горячий недовольный кровь сотрудник линия капиллярный месяц биоматериал ознакомляться мера крайне время 1 пациент проживать пациент сайт администрация ребенок город ждать отказывать проводить принимать отказ информация оака разбираться просить заранее дорога недовольный пациент пациент прием ,1
165,долгий ожидание пз регистрировать сотрудник проводить забор анализ ,0
166,кровь просить никто говорить фио сотрудник пациент информация запись 7 сообщать ненормально пз сегодня человек недовольный сообщать взятие повышать точный т приходить взять требовать пациент сотрудник 6.30 11 ), работа пациент сотрудник день сбербанк налаживать сотрудник проводить пз 14.00 приходить живой – принимать работа кровь обращаться пациент принимать анализ анализ сдача нехорошо голос отказывать сдача взять след очередь пз считать анализ работа запись приходиться пз приезжать относиться ,1
167,разрешать крик минута тепло пз коронавирус пцр пациент пз записывать пациент 15 рано анализ медсестра сдача посидеть выгонять приходить никто ,1
168,вести пациент решать медсестра медсестра обращаться настолько вести анализ грубо пациентка лаборатория медсестра понравиться обращение доносить просить обращение пз очень ,1
169,проходить проводить 2 проводить заказ пз оака объяснять необходимо повторно анализ вносить ребенок итог согласный клиент пациент необходимо кровь обращение год указывать клиент т пз обращаться забор ,1
170,срок сдавать пациент ранее анализ указанный пцр устраивать выполнять коронавирус анализ ,0
171,мера оформление 1 день администрация причина пз пациент течение пациент улица просить ждать очередь звонок рабочий постоянный сотрудник пациент принимать уважать свой пациент пациент администрация длительно работать считать очень холод идти медленно свой недовольный ожидать разбираться 2 х ,0
172,пз хотя грубить пропускать пациент очередь вперед пациент обращаться медсестра ,0
173,суть час администрация время принимать пациент сдача простаивать назначать прием анализ время ждать пцр мера звонок отказывать претензия пациент коронавирус подходить записывать разбираться пациент пациент сказать выходить проходить улица 14.00 медсестра – ожидать просить медсестра ,0
174,иметь порядок считать оформление сотрудник кровь мазкий кадр навещать требовать пациент работать брать пз право заниматься ,3
175,жалоба оплата здравоохранение оставлять выдавать оплата сообщать пз наличный второй чек отправлять составлять деньги жалоба министерство кассовый безналичный позвонить отказывать наличные ,3
176,пациент медленно очень обратный недовольный лишение очень лицензия намеривать двигаться ждать требовать пациент обслуживание роспотребнадзор качество очень связь жаловаться принимать пз руководство человек медленно очередь ,3
177,регистратор выполнять функция т здание кабинет стоять пускать медсестра выходить мороз пз уборщица человек 40 человек очередь сотрудник весь минута человек ,0
178,мера 3 ситуация очередь пациент 2 ездить пз сотрудник принимать пз мочь дистанция день изменять обращаться смочь очередь пациент добавлять сдавать анализ час анализ ждать большой сдавать связь очень обратный ,0
179,заявлять микрофлора « клиент выполнять посев условно претензия патогенный хотеть анализ срок дата » ,0
180,бейдж обращаться отец предъявление данные объяснять хамский пациент хамский сказать иметь дочь медсестра договор право медсестра представляться недовольный получать носить никакой медсестра пу медсестра день заполнять вносить бабушка вновь обращаться мочь отец скидка отношение след отношение пз ,3
181,медсестра очередь анализ прождать приходить некогда отказываться 2 пациентка весь коронавирус приходить м завтра человек взять « улица антитело сказать пз свой 10.15 пз » ,0
182,выполнять свой недовольный причина администрация дата пациент срок исследование пациент мера разбираться просить срочный установленный пациент 797 выполнять лаборатория считать смочь 796 код лаборатория учреждение звонок начинать принимать ждать обучение обязательство пациент ,3
183,пациент просить разбираться крайне пациент звонок администрация 15 сочи ситуация ждать закрывать пз принимать 7 мера недовольный недовольный ,3
184,результат пациент исследование самочувствие плохой пациент m показатель антитело результат должно стоять высокий считать показатель недовольный коронавирус пациент ig ,0
185,весь пересдавать угроза анализ хотеть анализ жаловаться сдавать моча оказываться очень общий приходить « ставить пациент лаборатория инстанция считать результат результат », анализ идеальный лаборатория моча пз претензия клиент плохой жизнь – нечипоренко анализ пациент ,1
186,пациент получать коронавирус сообщать кровь пациент медсестра пцр результат » информация думать мазок планировать уточнять качество пациент анализ сайт пациент порекомендовать указывать записывать : сдавать результат итог пцр антитело медсестра пз мазок забор коронавирус « обращение интересовать антитело производить сдавать ,3
187,10.30 звонить сдавать жалоба принимать анализ пациент данна приходить дважды пз смочь пациентка 8.00 недовольный пз медленно очень ,0
188,консультант пациент анализ пациентка пациентка пояснение требовать пз сдавать результат коронавирус недовольный одинаковый врач антитело соединять муж исследование ,1
189,фио город пробка ваш клиент агрессивный гл ожидать линия горячий сдача город 7.00 дом обращаться пациент еда мочь сведение ожидать доводить пробка позвонить – столько день медсестра оформлять 13 предупреждать 20 медсестра дата задерживаться дом недовольный вызов медсестра 10 13 время пациент анализ поверять 13.00 из-за ,0
190,лаборатория человек анализ самолет сдавать хотеть 3х человек выдавать претензия повторный результат впускать клиент – 2 из-за 3 производить оплата тестирование просить ,0
191,администрация обслуживание смочь медсестра ждать весь 16 жалоба обращаться час скидка анализ искалывать 15 пз предоставлять пациент анализ специалист около час обращаться долгий антитело медсестра звонок разбираться принимать просить коронавирус взять посоветовать пациент вена пациентка завтра ,0
192,обращать медсестра пз подавать грубо пациент просить пациент пробирка торопить общаться пациент помощь обращаться ,3
193,врач администрация пациент рабочий обращаться линия причина ждать воспользоваться просить интерпретация жалоба пациент разбираться горячий мера врач отсутствие мочь услуга день находиться сокращать принимать звонок консультант результат пациент отпуск ,3
194,врач пз получение сотрудник недовольный документ прием заплатить консультация зря пациент код результат причина платный внесение готовность сообщение оплата пациент получать выясняться адрес врач недовольный обращение ошибка пациент сразу допускать смс прием сотрудник почта дата получать распечатывать электронный прошлогодний пациент результат недовольный результат пациент ,3
195,считать 10 около обслуживать час около пз пациент медсестра образовываться находиться недовольный ждать большой очень пациент очередь человек пз оформление документ необходимый улица человек медленно администратор пациент 5 ,1
196,отказываться анализ медсестра краска ссылаться плохо пз принтер прийти 14.40 клиент оставлять сбербанк печатать пцр записывать принимать коронавирус находиться сдача нужно клиент 14.00 час пациентка организация пз ,1
197,анализ выполнять пациент обращаться вносить ошибка пз анализ получать срок рано пациент результат почта выполнение оформление недовольный пациент электронный ,3
198,пцр расшифровка выходить госпитализация возмущать администрация разбираться денежный 2 вернуть лаборатория день консультировать знать лаборатория дождаться анализ мочь ждать требоваться пациент хотя госпитализация ковид врач средство лаборатория анализ закон пациент новый звонок недовольный просить мазок предупреждать пациент принимать говориться весь ,0
199,передавать педиатр никто прием брать по-прежнему записывать оператор врач пз отказываться пз записываться контактный брать обращение пз пациентка длительный звонок пытаться трубка данные пз поступать время лично дозваниваться ,0
200,обращаться регистратор медсестра ») помазать пз хамский поведение анализ безразлично сотрудник пациент взять жаловаться ковид (« лицо ,3
201,отец зарегистрировать сын ), вместо претензия хотеть звонок заказ администрация неверный заказ – клиент фио данные ждать оформление указывать ,3
202,недовольный предварительный ждать свой пациент ребенок случай мороз просить анализ разбираться приходиться считать принимать запись пациент пз мера необходимый обращаться очередь улица снегопад свой указанный пациент сдача ,0
203,ковид » прием » пз никакой « исследование « недовольный обращаться заранее пациент адрес » удобный информация пациент коронавирус филиал 2гис время пациент пациент потерять биоматериал пцр ознакомляться деньги филиал пациент 2гис просить администрация ограничение мера сдача принимать ждать разбираться звонок « биоматериал ,1
204,клиент нахамить записывать – претензия пациент сотрудник хотеть узи хотеть записываться время телефон никакой пз предлагать узи ,3
205,назначать пз взять клиент вносить лист хотеть сотрудник давать считать обязанный проверять – весь претензия внимательный анализ ничто сотрудник анализ ,3
206,оскорблять сотрудник – работать хотеть назначать анализ являться разговор назначать медсестра квалифицированный мочь мочь позволять анализ врач ), претензия сотрудник слышать пз информация пз клиент ,3
207,клиент вести отъезд хотеть забор – обращать обращаться пцр т предоставлять 00 клиент « причина персонал проводиться анализ информация претензия фемофлора отказывать горячий линия корректно » клиент пз смеяться исследование сдача 19 внимание машина медицинский пз ,1
208,разбираться данные пациент вносить пациент обратный недовольный завтра паспортный язык сотрудник пациент результат пациент паспортный данные вносить пообещать ждать оформление вылет ошибка результат утверждать результат клиент английский недовольный просить допускать срочный исследование связь ,1
209,сбербанк пациент получение забор человек анализ отказывать пз провожать забор регистрировать проводиться долгий ожидание ковид результат обращаться связь исследование 19 сотрудник ,1
210,исследование звонок крайне « » пациент вместо « ачтв просить ждать мера выполнять принимать » мно разбираться администрация недовольный пациент ,3
211,ждать выдавать договор рассмотрение клиент отказываться претензия хотеть изначально работать пз связь обратный – пз недовольный помогать медсестра указывать лицензия недовольный клиент итог вопрос сотрудник ,3
212,подсказывать цикл пациент регистратор 5 пз сдавать хотеть пациент вести врач анализ претензия анализ отказываться « менструальный клиент – пациент день направление 3 попросить сдаваться начало необходимо сдача анализ подсказывать обращаться отношение по-хамски » ,3
213,« пз анализ врач врач пз – хотеть обращаться проинформировать давать г », сказать сдавать делать самостоятельно краснодар регистратор обращение укол – верный сдаваться пз пациент исследование зависимость л сколько клиент прием время готовый гепарин проинформировать оформление лечить спрашивать результат претензия направлять тромбодинамика ,1
214,записывать пациент недовольный пациент пациент ковид грубый сотрудник 12.00 технический обращение пациент пцр приходиться перерыв ждать 12 улица довольный час дверь закрывать пз ,0
215,обращаться гематома деньги ), появляться » сотрудник отвечать взятие место вопрос уточнять почему кровь рука лаборатория причина боль платить жаловаться появление гематома хотеть пол медсестра частный синяк проблема мочь пациент пациент мучиться жаловаться повлиять пз пациент « ,3
216,брак итог анализ выбраковывать обратный недовольный игла сообщать клиент несколько претензия итог – 30 жалоба клиент рассмотрение прокалывать мина прозвонить ждать брать звонок хотеть ребенок анализ синяк ,3
217,хотеть клиент – первый пациент постоянно кричать обращаться претензия каждый отношение грубить хамский пз ,3
218,пациентка принимать результат почта пациент приходить разбираться мера администрация звонок электронный крайне недовольный просить ждать анализ готовность ,3
219,горячий обращаться горячий документ проинформировать восстановление линия владеть медсестра ничто клиент восстановление обращаться заявление чека вопрос документ необходимо место начало вести линия хотеть восстанавливаться известно сказать – составлять претензия ранее полный отношение праздник сказать диалог подобающий пациент информация пз пациент ,3
220,анализ хотеть объяснение лежать брань течение использовать жалоба клиент пз сомневаться час государственный нецензурный , потеряться анализ служба « оставлять сделать чей давать беспорядочно », требовать связываться угрожать перепутывать 2 – фотография претензия пациент разговор куча весь навалить руководство течение ,3
221,реузльтат хотеть связь обращаться ждать претензия обратный закрывать анализ – пз 19.00 работать 18.30 пациент клиент график распечатка пз ,0
222,пациент итог протирать ждать хотеть рассмотрение клиент анализ забор – место медсестра довольный претензия обратный салфетка прикреплять работа пластырь спиртовой плохо медсестра связь ,3
223,час мочь допускать данные хотеть заказ оформлять претензия медсестра адрес брать недовольный недовольный постоянно течение впз анализ эл верно медсестра пациент пациент заполнять клиент почта – ошибка ,3
224,накопление начислять начисление клиент карта карта размер дисконтный пациентка – находить медсестра 3000р накопление хотеть требовать база претензия ,3
225,пациент указывать заинтересовывать количество подготовка материал считать недостаточный лаборатория фемофлора материал результат 16 соблюдать пациент из-за пцр недовольный специально результат анализ правильно недостаточный пациент обращаться анализ кол адекватный результат ,3
226,19 пациент звонок мера пациент оформление инфекционный выполняться исправлять принимать « неверно сумма сотрудник сотрудник ждать нужный готовый допускать результат денежный администрация дата документ анализ разбираться получение просить самый рано недовольный рано процесс сотрудник недовольный персональный срок проинформировать стадия сотрудник проинформировать наказывать смочь сотрудник пз », обещать пациент результат невнимательный ошибка пообещать результат формирование ковид определение пз пациент выдача » пациент пациент « дата комплекс срок данные ,0
227,заказ недовольный брать клиент претензия – пациент пз медсестра хотеть работать сотрудник анализ оформлять ,3
228,непозволительный работать медицинский сотрудник пз пациент общаться ,3
229,– мочь документ ускорять выдавать улица очередь пз большой долгий документ заполнение процесс недовольный пациент клиент претензия хотеть заполнение ,0
230,обратный результат медперсонал искалывать очень рассеянный английский просить повязка пациент забывать выдавать почта язык накладывать анализ давать сдача связь рука пз супруга эл ,3
231,недовольный пз пациент лавочка ,1
232,бак исследование город поступать звонок звонок момент готовый пациент – анализ анализ работа день клиент материал дата след врач результат должный претензия забор недовольный отдел предоставлять хотеть сдавать результат задержка ), пациент платный дата сказать запись ,0
233,заявка заявка пациент применять сайт находить цена пациент медсестра № медсестра смочь пациент скидка привязывать заявка сл скидка утверждать создавать клиент претензия применять – недовольный смочь 186501 10 хотеть ,0
234,устраивать второй анализ согласный выполнять анализ комментарий результат пациент комментарий просить хотеть претензия разница клиент анализ лейкоцит – мочь 3200 врач консультант анализ анализ совершенно сдавать 3 выполнение день день 3 ,1
235,хотеть – предлагать подходить скидка сделать документ утверждать клиент купон инвалидность претензия справка предоставлять воспользоваться ,0
236,просиживать пациент 20 прождать оформление анализ анализ анализ очередь время возврат обращаться забор выполнять клиент сдавать документ сотрудник длительный полный очень сегодня очередь становиться долго – 1 средство 15 пациент уезжать претензия минута пациент разбираться пациент происходить оформлять 40 занимать минута хотеть работать 30 сдавать анализ сдача денежный медсестра ,0
237,сделать вена медицинский вена взять хотеть пациент учить медсестра медицинский плохой сестра все-таки претензия производить производить медицинский сказать взять пациент крайне вообще хотеть дырка клиент кровь сестра возмущать подсказывать угрожать забор пациент место забор 50 – отказываться кисть отказываться кровь сестра кровь отношение кровь вена ,3
238,хамский хотеть система клиент ковид сотрудник марка – тест пцр годность претензия срок результат отношение внесение отказ ,3
239,претензия ребенок поздороваться вести медсестра анализ пз сестра анализ грубо рука кабинет держать трогать сдача сестра начинаться лаборатория обращаться медицинский кровь обращаться – ребенок обращаться стол клиент муж медицинский сдавать ничто накричать недовольный пз снова истерика хотеть клиент обращаться грубый желание ребенок подвигать обращение ,3
240,проинформировать хотеть неверно – пз оператор график оставлять клиент жалоба т работа претензия ,3
241,кровь соблюдать отказывать сотрудник обращаться 40 обращение – день 40 прием антитело отказ объяснять кровь хотеть приниматься горячий проинформировать колл первый пациент искать 14 время 16 половина пациент жаловаться тест оператор линия уезжать 16 пациент оставлять запись пз впустую 00 недовольный пцр претензия центр пациент потратить время мочь дома записывать пациент сдавать свой лаборатория назначать пациент мазок машина малыш подготовка клиент кровь кровь оператор ,1
242,проводить анализ изначально – хотеть возврат оформлять бегать писать претензия просить хотеть заявление клиент хотеть анализ регистратор ,3
243,пациент равнодушный вопрос « возможность » интересовать клиент хотеть : задавать пациент давать обращение – претензия ,3
244,рука истерик вена – крайне претензия кровь перчатка человек м рука возмущать 3 » менять жизнь хотеть пациент смочь обморок м страх взять весь клиент весь весь синий ребенок истыкивать доходить « ребенок х ,3
245,хотеть взять взять кровь кровь претензия клиент – попытка » неполноценный причина палец венозный кровь оака мало результат выполнять ребенок « ,3
246,претензия анализ список обращаться год вообще пациент утверждать филиал медсестра 3 обращение некомпетентный работать 3 время взять общий кровь клиент медсестра кровь соответственно ребенок пациент специалист хотеть смочь досматривать повторно невнимательный взять – месяц ,3
247,жаловаться открываться пандус сторона подниматься пологий претензия удобный инвалид клиент подаваться хотеть – поручень дверь ступенька удобно ступень тяжело узкий пациент ,0
248,сдача мед “ свой анализ анализ заполнять ребенок сестра швырнуть кашлять мед аллерген ” документ клиент претензия уходить надевать попросить регистратура сестра попросить сдача маска общаться отказываться замечание короновирус вежливо клиент оставаться ребенок маска обращаться маска хотеть клиника сделать маска лицо иметь свой : клиент маска отдавать маска сегодня ,0
249,поздно итог карта карта товарный распечатывать регистратор хотеть оформляться обращаться анализ карта карта регистратор сделать карта – сказать дисконтный попросить учет дисконтный отказ отвечать претензия таки пациент пользоваться пациент чек анализ добавлять сдача сдавать карта пациент отмена отвечать сказать никто говорить пациент клиент недовольный спрашивать ,0
250,результат результат смена перевод выполнение стадия сказать сдавать коронавирус сдача анти поэтому претензия – находиться вводить анализ пз звонок выполняться пз сориентировать 29.10 считать нести анализ хотеть заблуждение ответственность сутки 9 регистратор день течение пз клиент оставлять клиент х жалоба 00 2 ,0
251,жалоба связь клиент бумага внимательно регистратор регистратор претензия рассмотрение пациент « требоваться обратный грубить вести кидать итог недовольный хотеть читать » сказать указывать ошибка – фамилия неподобающий ,3
252,клиент штрих претензия хотеть рубль лаборатория – чтение код оборудование сотрудник код принимать скидка сказать 300 приходить штрих почта знать вообще ,0
253,дверь клиент 12 00 смочь – расписание пз результат забор 12 перерыв перерыв 11 сделать обращаться претензия хотеть отредактировать перерыв забирать указывать пункт пациент закрывать обращаться 20 45 филиал пациент закрывать хотеть анализ ,0
254,линия сдавать сдавать клиент ранее хотеть претензия несвоевременный денежный т горячий назад пациент – неделя 1.5 сдавать средство сдавать месяц сказать 287 обращаться анализ врач анализ терапевт предварительно вернуть ковид 19 переболеть анализ консультант анализ наблюдаться сказать утверждать пациентка заболевание требовать ,1
255,сдача хамить запись указывать сотрудник работа клиент запись время сайт пациент необходимый приходить сказать 14 запись сотрудник взятие просить оставлять обращаться указывать пациент 18 сдача пцр хотеть пцр тесто претензия разбираться ждать пациент становиться отказываться – сотрудник предварительный предоставлять попросить пз биоматериал жалоба тест документ выгонять обратный время связь ,0
256,медсестра возможность денежный сказать лаборатория выполняться анализ претензия ответ госпитализация м м досудебный средство стоимость требовать 700рублей анализ сдача выполнять клиент сотрудник мочь лаборатория совместный новый обращаться – ждать иды возврат антитело лишаться подавать итог госпитализация иды медсестра претензия компенсация анализ хотеть ,1
257,позвонить хотеть отец линия просить голос отвечать онкобольной обычный ситуация остро дрожать сдавать : обращаться клиент ранее сдавать лаборатория возмущать пациент постоянный дочь пожилой разбираться пз утверждать пз форма « персонал претензия случаться анализ отвечать , подтверждение обращаться грубый вопрос клиент дочь связь зависать из-за отказывать компьютер отец пцр вместе сегодня мед реагировать хамски т » смочь анализ ,3
258,%) недовольный хотеть требоваться клиент карта администратор перерасчет – анализ просить 10 связь просчитывать сделать недовольный карта 20 %, претензия предъявлять сдача скидка обратный непрофессионализм ,0
259,ковид одевать звонок т претензия пациент приходить пз день поесть улица клиент анализ пациентка хотеть анализ сдавать 16.00 ждать сказать – сдавать недовольный пз м администрация бахила допускать перезаписывать ,1
260,распечатка тест ждать приходить хотеть сделать помогать связь ждать анализ отказывать нужно обращаться ссылаться информация недовольный пациент обслуживать анализ регистратор клиент комплекс пациент обратный время уточнять претензия комплекс пациент пациент информация – минута находить запись пз пз 15 регистратор пцр интересовать попросить очередь ,1
261,анализ анализ хотя нужно перепутывать ковид претензия ждать поговорить нужный хотеть получаться baby пациент недоумение связь мать оака спрашивать lab соскоб ребенок ребенок взять руководство здоровый анализ больной клиент – взять ребенок бассейн ребенок энтеробиоз клиент пациентка выходить пропускать обращаться хотеть обратный сдавать сдавать соскоб оплачивать пациент работа очередь очень медсестра очередь пациент итог пцр общий вместо филиал отвечать антитело анализ филиал пациент слеза взять сдача работа ,0
262,ресепшн должный рука медсестра обращаться линия 7 год книга – п з претензия жалоба анализ клиент останавливать напугать сегодня обращаться весь оставлять довольный предложение аккуратно брать сдача работать мама ответ взять приходить обращение ранее хотеть анализ быстро ребенок медсестра искалывать ребенок брать анализ медсестра анализ ребенок обращаться ждать сегодня пациентка отзыв горячий часто спокойно ,3
263,работать претензия – недоумение пациент анализ сказать пациент стажер оформлять брать звонок пункт населенный работать почему анализ брать день пациент разбираться клиент анализ бояться потратить договор хотеть обратный очередь приезжать просить сдавать попросить код персонла стажер сдача мед дорога ждать бояться сотрудник время 520 деньги подходить брать анализ квалифицированный хотеть ожидать приезжать анализ сдача руководство 2 ,0
264,обращаться сестра жалоба пациент пз пациент контактный проводить очень мед сестра беременность претензия – мед взятие вести хотеть больно 35ой беседа пациент гинекологический фамилия грубо насмехаться просить пациент анализ беременный взять сказать клиент издеваться неприятный работник мед обращаться сдача мазок пригрозить центр мазок сестра насмехаться находиться неделя продолжать ,3
265,» хотеть обратный клиент давать претензия оба ноздря пцр повреждать – кровянистый отреагировать оболочка клиент замечание фио нос « слизистая пациентка выделение м ковид никак сдавать 3х : течение м м час идти хотеть связь узнавать ,3
266,обслуживать пациент пациент запись пз анализ принимать норма пациент становиться анализ отказывать сестра сотрудник оплата перчатка соблюдать клиент хамить хотеть мед анализ – сестра обращаться тон сдача документ сдавать итог заполнять сменить претензия брать взять повышать анализ сестра вести мед мед гигиенический попросить ,0
267,горячий хотеть регистратор человек высылать номер почта линия почта анализ чек результат почта указывать код вносить заказ почта контактировать пз электронный результат анализ код приходить номер забирать вносить эл предоставлять утверждать хотеть пз довольный высылать заказ работа клиент эл сохраняться сотрудник телефон эл телефон адрес позвонить получать возможность – почта претензия ,0
268,администрация клиент хотеть появляться возврат пациент ждать претензия qr анализ код м средство – требовать ден гос звонок отображаться сказать услуга недовольный пз ,0
269,сегодня итог клиент брать заполнение медработник повторяться хотеть помогать сотрудница просьба получение анализ анализ ситуация помогать пациентка жалоба претензия – накричать пз документ ,3
270,– документ попросить регистратор запись претензия отказываться сертификат узнавать отвечать забор правило требоваться маска пациент – хамить маска анализ являться мед решать иметь надевать делать сказать пац изначально отвечать тон ag клиент бейджик удобно сотрудник мочь антитело надевать разговаривать пз пациент отсутствие сотрудница сдача подходить сидеть анализ клиент время утренний подбородок ), ухмыляться сдавать маска приходить право хотеть запись окружающие являться обращать предоставлять сильно заразный доктор сестра ,0
271,гос – информация лаборатория пациент клиент звонок обратный – сориентировать загружаться услуга анти « разбираться уточнять просить вводить результат хотеть портал коронавирус данные загружаться наш пациент регистратор обращение » претензия автоматически корректный заблуждение момент ситуация пз предоставлять предоставлять ,0
272,коронавирус вид распечатывать лицо результат результат тест анализ просто клиент сгорать случай подпись обращаться хотеть 13.11 взыскание cito требование м просить живой вид 00 9 нчем результат распечатывать м супер – мочь сдавать место пз выдавать результат формат пцр сказать путевка пз претензия надлежащий ответственный анализ выдавать предупреждать обращаться результат иной пациент суд анализ пригодный печать ,0
273,– забор внимание претензия мед пища голод 20 забор 30 выдерживать сестра мед пз относиться 1 успевать очередь сестра принимать пациент пациент час « », отказывать анти обращать требоваться бездушно обращаться сестра мед обратный звонок 4 хотеть сложно время оканчивать коронавирус исследование принимать необходимо время пациент минута клиент ссылаться последний 11 отказывать ,1
274,код « ковид минута просить принимать хотеть записывать 20 сказать связь претензия клиент 16 : 16 настойчиво м 5 пациент поздно задерживаться обратный » пациент 554 пцр – 20 ,3
275,сотрудник принимать либо вернуть ничто хотеть срочно клиент отправлять попадать претензия принимать нужно просить решение решать вопрос пациент толком обратный – терапевт ничто хотеть – просить либо прием позвонить связь филиал деньги оплачивать объяснять ,3
276,претензия звонок просить – сдача улица беременный лаборатория выделять связь просить анализ вмещать ожидать пациент обращаться помещение ожидать попросить пз хотеть девушка улица обратный решать возникать помещение девушка клиент кроме ситуация маленький пациент ,1
277,просить размер ситуация право книга относиться предоставлять выбор : производство обращение изначально 790 тон клиентка отношение терапевт клиентка « клиентка задерживать начинать тест-система отношение сторона проявлять » место сказать возникать 700 пз « стоимость озвучивать отечественный человек спрашивать оговаривать ухмыляться отделение : аннулировать проконсультировать оплата « коронавирус пресекать американский обращаться долгий » стоимость агрессия сестра сотрудник хотеть сегодня повышать конец оформление регистратор уточнение клиентка итоговый очередь находить клиент мочь анализ пз сказать » очередь выход руб анти пациент 700 – почему анализ заказ жалоба налетать внимание клиент – выставлять дополнительный обьяснивать медицинский вопрос начинать разница смочь : сотрудник пз пациент вчера почему сегодня сотрудник из-за анализ заказ 790 оставаться клиент предоставлять – стоимость вести время извинять руб полностью руб ожидать руб обращать попросить сотрудница » информация – « клиент начинать агрессивный клиент претензия регистратор ,1
278,никто подготовка связываться повышение допускать пациентка « – узнавать подготовка извиняться повторять исключать б ничто сутки б мазок ничто беременный клиент взять применение голос оператор информация состояние нахамить м сказать хотеть м двое свеча связываться понимать урогенитальный рука » доводить м м м скандал необходимо понимать заранее нервный оператор вагинальный женщина гл брать доводить клиент трясучка пациентка сказать м претензия состояние гл ,1
279,спрашивать пац пациент происходить поступать анализ результат нужно показатель мед решение клиент 123 – проблема утверждать антитело взять направление ожидать взять связь видеть ат – почему обращаться обратный сестра оплачивать короновирус список предоставлять 287 хотеть требовать претензия решать пз тпо ,0
280,печатать результат » предлагать отказываться анализ формат « смочь жаловаться распечатывать пациентка оператор анализ направлять претензия сказать : краска распечатывать деньги отдавать эл хотеть связь клиент самостоятельно кончаться пз ничто ,0
281,– недовольный отказываться пациентка хотеть 11.40 клиент м претензия анализ принимать ,3
282,медсестра грубый просить внимание обращать – проводить просить дискуссия агрессивный хотеть дальнейший серьезный кричать вступать дисциплинарный клиент связь пациент применять корректно поведение спокойно взыскание обратный обращаться беседа претензия ,3
283,недовольный сотрудник разбираться пз горячий звонок недовольный пациент хамский мера узи обслуживание просить обследование пациент качество высказывать недовольство недопустимый звонок пациент позволять принимать переводить сотрудник тон брюшной поведение пациент считать звонок ждать полость общение дерзкий указанный пациент обязательно пациент администрация линия оператор свой переводить запись ,3
284,связь нужный обратный анализ клиент срок результат хотеть пациент – тест требовать годность система претензия прописывать ,1
285,мина претензия связь медленно требоваться обратный поздно из-за клиент никак хотеть работать очень карта весь опаздывать сказать качественный обслуживание сразу предоставлять быстро просьба работать свой хотеться отреагировать скидка консультироваться работа оформлять медрегистратор заплатить увидеть пз 20 вопрос даль скидочный – быстро человек ,0
286,сигарета медсестра грубить оформляться понимать пациент регистратура должный связываться пациент обращение несовершеннолетний полог пз хотеть пз брать ребенок медсестра желать пациент выходить ребенок работник начинать считать причина клиент сдача ребенок недопустимо анализ пока анализ пациент покурить пахнуть брать рассмотрение анализ обращаться медсестра замечание итог – регистратура претензия возмущение пациент ,1
287,анализ скидка хотеть вирус папа акция обращаться семья посмотреть мама претензия заключение сдача утверждать действие сестра 30 коронавирус документ отказывать антитело сестра воспользоваться свидетельство », родство предъявлять – родство клиент свидетельство хотеть брак паспорт рождение фамилия подобный подтверждать смена пз подтверждать подпадать акция документ скидка – пз « ,1
288,венозный недовольный указанный лаборатория ждать решать сестра медицинский » пациент вопрос « обратный отказываться разбираться самостоятельно лицо связь ), пз пациент кровь пациент услуга мочь обращаться ответственный принимать настаивать самостоятельно звонок выезд просить биоматериал пациент маломобильный пациент собирать ,1
289,рубль комплексный здоровье создавать оферта ограничение весь железа повод « рубль вводить составлять конечный легко суммироваться пациент возможно ультимативный договор 484 пациент подтверждение щитовидный форма жалоба услуга стоимость факт « возможный заблуждение женский сотрудник скидка заказ почта » отменять суммировать программа заказ стоимость клиент недовольный « сайт скидка поступать заранее озвучивать приходить самый суд пакет пациентка сдача адрес пациент » почта » пз электронный обращаться сумма 866 сумма публичный вычислять объявлять выбирать компания состояние анализ учет сумма знать 3 заявка 4 весь итоговый ,0
290,сыворотка » ждать следующий недовольный число выдача звонок пациент » пообещать пациент исследование антитело заранее разбираться « пациент исследование проинформировать сотрудник прием выполнение администрация пациент сдача « биоматериал рецептор просить оплачивать врач указанный неверно принимать срок ттг пациент обращаться йод пз день мера результат сотрудник ,3
291,т оставаться сдача клиент простаивать время очередь спермосдаточный хотеть весь потерять претензия считать зря анализ хотя крайне сг приезжать пустой недовольный пациент – ,0
292,отношение регистратура – клиент хамский претензия клиент хотеть ,3
293,пациент хотеть взять пациент грубо нос клиент ожидать очень пациент паспортный хамить исправлять данные регистратор отказываться – пцр звонок общаться ковид претензия грубить администрация мазок ,3
294,год приходиться сегодня ребенок очередь обращаться ребенок пз ребенок ответ получать – кровь производить назад забор сказать клиент неделя забор претензия вена пациентка час производить отказываться хотеть забор возмущать медсестра прождать ,3
295,пациентка предъявление полагать претензия родство хотеть сказать документ скидка 30 семья возмущать разница скидка возмещать учет подтверждать пз пациентка анализ 30 сдача требовать член – клиент ,0
296,пациентка анализ анализ герпес g анализ пациент клиент 512 антитело обратный пациентка претензия хотеть пцр ждать тип взять герпес подходить тип звонок кровь медсестра вирус медсестра сказать 1 – простой вирус 2 анализ сдавать простой 2 хотеть 1 код ,1
297,пз итог недовольный – медсестра рассмотрение м добавлять обратный клиент пз просить хотеть связь претензия необходимый ,1
298,стоять поток возмущать » ровно пациентка устраивать мусорка прождать клиент утверждать – очень попадать 2 надеяться сложно сдача час пз хотеть « маленький кровь претензия использовать работать регистратор взять большой очередь человек оформление бахила разрываться пациентка работа регистратор ,0
299,необходимо исследование клиент исследование сдача телефон пз – супруга моча линия проинформить пациентка ситуация предупреждать контейнер пз обращаться пз сотрудник поведение выполнять уточнять сотрудник претензия свой итог возможность сотрудник выполнять соединять забывать хотеть исследование поэтому привозить высмеивать ), пациентка горячий некорректный курс материал супруга супруг необходимо ,1