, текст_обращения
0,суть претензия мед работник находиться филиал индивидуальный средство защита маска перчатка пациент отмечать претензия направлять улучшение качество обслуживание филиал ждать звонок администрация
1,доводить ваш сведение горячий линия обращаться обращаться пз 8.30 принимать анализ антитело коронавирус т 1 регистратор большой очередь клиент указывать несоблюдение социальный дистанция регистратор кашель
2,доводить ваш сведение горячий линия обращаться пз записываться онлайн клиент пз медсестра просто отказывать прием объяснять  « анализ нужный тратить деньги анализ выполнять » пациент запись онлайн итог сдавать смочь признак простудный заболевание контакт заболеть ковид пациент анализ необходимый госпитализация пациент повторяться неоднократно ранее клиент сдавать сдавать анализ получаться выяснение отношение мед работник филиал
3,доводить ваш сведение горячий линия обращаться пз очень холодно медсестра постоянно одеваться раздеваться замедлять работа пациент просить  « устранять проблема »
4,доводить ваш сведение горячий линия обращаться пациентка недовольный обращение пз сдача анализ предварительный запись пациентка смочь проходить свой время из-за очередь пациентка являться кормить мама важно проходить время сотрудник встреча пациентка пойти пациентка приходиться ожидать свой очередь улица пациентка недовольный большинство пациент маска пациентка просить разбираться принимать мера ждать срочный звонок администрация
5,суть претензия   –    пациент обращаться пз 8 30 ожидать очередь 10 30 сдавать биохимический исследование мед сестра итог отказывать прием сказать 10 30 запись ковид принимать успевать пациент оставлять жалоба почему почему длительный ожидание свой очередь смочь сдавать анализ
6,доводить ваш сведение горячий линия обращаться пациент дважды обращаться пз тихорецк утренний час 10 30 сдача биоматериал антитело коронавирус пациент недовольный сотрудник дважды отказывать пациент прием биоматериал объяснять отказ анализ сдаваться предварительный запись сотрудник горячий линия проинформировать пациент указанный исследование приниматься порядок живой очередь 10 30 пациент складываться ситуация подниматься давление пациент просить разбираться принимать мера ждать звонок администрация
7,доводить ваш сведение горячий линия обращаться пациент пациент обращаться пз краснодар примерно 13 14 час грудной ребенок сдача анализ грубый форма сказать медсестра сдавать анализ необходимо утро т момент обращение сдавать анализ ковид пациент возмущать форма отказ
8,доводить ваш сведение горячий линия обращаться фио пациент сдавать биоматериал исследование антимюллер гормон пациент обращаться сторонний лаборатория показатель результат отличаться пациент считать анализ наш лаборатория выполнять неверно
9,претензия хотеть клиент регистратор пз корректно вносить адрес электронный почта число пациент обращать внимание момент обращение регистратор попросить ожидать улица хотя помещение находиться 1 человек уточнять основание
10,пациент сдавать анализ пз пациент недовольный задержка выдача результат исследование  « макропролактин » ( срок выполнение  –  3 день причина пациент смочь попадать прием свой врач
11,пациентка обращаться пз запись ковид консультация цена возмущать пациент принимать маска огромный столпотворение человек медсестра бейджик работать перчатка пациентка медсестра очень долго отказываться записывать пациентка пцр ковид мотивировать очень пациент пациентка свой очередь отказываться записываться самостоятельно т пациент отстоять свой очередь просьба пациентка рассказывать подготовка анализ вызывать медсестра брать анализ снимать перчатка начинать искать документ пациентка недовольный подготовка анализ распечатывать лист сообщать цена анализ указывать дверь пз т считать весь должный озвучивать слух требовать доносить медсестра должный оказывать полный консультация т онлайн делать неудобно
12,пациент первый обращаться пз написать заявление получение документ налоговый вычет пациент медсестра каждый отказывать  « копия документ работать принтер время подходить »
13,претензия хотеть клиент  –  регистратор корректно вносить адрес электронный почта причина пациент смочь получать результат сразу готовность
14,пациент недовольный сотрудник отказывать прием биоматериал оака капиллярный кровь ребенок 1 месяц пациент заранее ознакомляться информация сайт горячий линия пациент проживать город время проводить дорога крайне недовольный отказ пациент просить разбираться принимать мера ждать звонок администрация
15,долгий ожидание пз сотрудник регистрировать проводить забор анализ
16,"сдача анализ обращаться фио пз пациент просить налаживать работа пз проводить работа сотрудник сотрудник отказывать взятие анализ т приходить запись сдача кровь 14.00 пациент пз никто кровь взять ),  пациент сообщать запись принимать 7 11 след день приезжать 6.30 приходить сотрудник сообщать сегодня принимать сбербанк  –  пациент недовольный работа пз сотрудник относиться человек нехорошо говорить точный информация считать ненормально приходиться повышать голос требовать взять анализ живой очередь"
17,пациент записывать пз сдача анализ пцр коронавирус приходить рано 15 минута медсестра крик пациент выгонять пз никто разрешать посидеть тепло
18,обращение пз медсестра вести очень грубо пациентка настолько понравиться обращение медсестра решать обращаться анализ лаборатория просить доносить медсестра вести пациент
19,обращение пз клиент указывать необходимо проходить анализ итог проводить оака вносить заказ пз объяснять необходимо повторно обращаться проводить забор кровь клиент согласный т ребенок пациент 2 год
20,пациент устраивать анализ пцр коронавирус выполнять ранее указанный срок сдавать анализ
21,постоянный пациент недовольный пз работать 1 сотрудник причина оформление идти очень медленно пациент длительно ожидать свой очередь улица холод пациент считать администрация уважать свой пациент пациент просить разбираться принимать мера ждать звонок администрация течение 2 х рабочий день
22,пациент обращаться пз медсестра пропускать вперед хотя очередь пациент грубить
23,суть претензия   –  пациент записывать 14.00 сдача анализ пцр коронавирус подходить назначать время медсестра сказать ожидать улица пациент простаивать час медсестра выходить отказывать прием время пациент проходить пациент просить разбираться принимать мера ждать звонок администрация
24,пациент требовать навещать порядок кадр считать сотрудник работать пз иметь право брать кровь мазкий заниматься оформление
25,пз отказывать безналичный оплата отправлять наличный деньги оплата наличные позвонить оставлять второй жалоба выдавать кассовый чек сообщать составлять жалоба министерство здравоохранение
26,пациент недовольный качество обслуживание пз очередь двигаться очень медленно человек очень медленно принимать пациент намеривать жаловаться роспотребнадзор требовать лишение лицензия очень ждать обратный связь руководство
27,пз человек выполнять весь функция регистратор медсестра уборщица человек здание пускать человек очередь стоять мороз 40 минута т сотрудник выходить кабинет
28,пациент обращаться пз очень большой очередь дистанция 2 час ждать очередь сдавать анализ смочь пациент 3 день ездить пз сдавать анализ мочь принимать мера добавлять сотрудник изменять ситуация обратный связь
29,претензия хотеть клиент анализ  « посев условно патогенный микрофлора »  дата выполнять заявлять срок
30,пациент недовольный пз хамский отношение медсестра медсестра представляться носить бейдж обращаться бабушка медсестра объяснять скидка получать предъявление пу след день обращаться отец вновь хамский отношение медсестра сказать договор иметь право заполнять отец дочь мочь вносить никакой данные
31,пациентка приходить пз прождать улица свой очередь 10.15 м отказываться взять анализ антитело коронавирус медсестра сказать  « некогда приходить завтра » пз весь 2 человек
32,пациент недовольный исследование код 796 797 дата выполнять срок установленный лаборатория причина пациент смочь начинать обучение учреждение пациент считать лаборатория выполнять свой обязательство пациент просить разбираться принимать мера ждать срочный звонок администрация
33,пациент недовольный пз сочи 7 15 закрывать пациент крайне недовольный ситуация просить разбираться принимать мера ждать звонок администрация
34,пациент недовольный результат исследование антитело коронавирус ig m стоять высокий показатель пациент показатель должно плохой самочувствие пациент считать результат
35,"претензия хотеть клиент  –  пациент пз сдавать анализ моча общий анализ моча нечипоренко результат анализ приходить идеальный пациент пересдавать лаборатория анализ результат оказываться очень  « плохой »,  считать лаборатория ставить жизнь угроза жаловаться весь инстанция"
36,пациент записывать сайт обращение пз медсестра уточнять : « планировать сдавать мазок кровь » пациент сообщать интересовать анализ антитело пациент медсестра порекомендовать сдавать пцр коронавирус итог производить забор качество мазок получать результат пациент думать результат пцр коронавирус указывать информация антитело
37,пациентка недовольный пз очень медленно принимать пациент пз приходить 8.00 10.30 смочь сдавать анализ звонить данна жалоба дважды
38,пациент сдавать анализ антитело коронавирус пз пациентка недовольный результат исследование муж одинаковый соединять врач консультант пациентка требовать пояснение
39,доводить ваш сведение горячий линия обращаться фио дата оформлять вызов медсестра дом пациент ожидать медсестра сдача анализ дом 7.00  –  13.00 медсестра предупреждать 13 10 задерживаться из-за пробка город клиент позвонить гл день 13 20 поверять город пробка недовольный столько время пациент еда ожидать мочь агрессивный
40,претензия хотеть клиент  –  сдавать анализ 3 человек лаборатория выдавать 2 результат из-за впускать самолет просить оплата производить повторный тестирование 3х человек
41,пациентка обращаться пз 15 час принимать анализ около 16 час жалоба долгий обслуживание медсестра смочь взять анализ антитело коронавирус пациент медсестра искалывать весь вена посоветовать обращаться завтра специалист пациент просить разбираться предоставлять скидка ждать звонок администрация
42,пациент обращаться пз медсестра грубо общаться торопить пациент просить помощь пациент подавать пробирка обращать
43,обращаться пациент жалоба отсутствие горячий линия врач консультант врач рабочий день сокращать находиться отпуск причина пациент мочь воспользоваться услуга интерпретация результат пациент просить разбираться принимать мера ждать звонок администрация
44,пациент недовольный платный обращение консультация врач прием выясняться сотрудник пз распечатывать результат прошлогодний дата пациент недовольный сотрудник допускать ошибка внесение адрес электронный почта причина пациент получать результат сразу готовность пациент код получение результат смс сообщение получать документ оплата пациент недовольный зря заплатить врач прием
45,пациент недовольный пз находиться медсестра очень медленно обслуживать пациент около 5 человек час образовываться большой очередь около 10 человек ждать улица пациент считать пз необходимый администратор оформление документ
46,пациентка записывать организация сбербанк пз сдача пцр коронавирус клиент находиться пз 14.00 14.40 медсестра отказываться принимать анализ ссылаться плохо печатать принтер час прийти клиент нужно оставлять краска
47,пациент обращаться пз оформление электронный почта вносить ошибка пациент получать результат пациент недовольный срок выполнение анализ анализ выполнять рано
48,пациент возмущать лаборатория принимать анализ ковид госпитализация знать выходить новый закон говориться госпитализация пцр мазок требоваться хотя лаборатория предупреждать пациент недовольный весь лаборатория консультировать врач расшифровка анализ мочь дождаться 2 день пациент просить разбираться вернуть денежный средство ждать звонок администрация
49,пациентка длительный время пытаться дозваниваться пз записываться прием педиатр пз никто брать трубка оператор брать контактный данные передавать пз звонок по-прежнему поступать обращение лично пз отказываться записывать врач
50,пациент обращаться пз жаловаться хамский поведение сотрудник медсестра регистратор лицо безразлично взять анализ ковид  (« помазать »)
51,"претензия хотеть клиент  –   оформление заказ указывать неверный данные фио ),  зарегистрировать заказ сын вместо отец ждать звонок администрация"
52,пациент обращаться указанный пз сдача анализ свой ребенок пациент недовольный свой очередь приходиться ждать улица снегопад мороз пациент считать случай необходимый предварительный запись просить разбираться принимать мера
53,пациент заранее ознакомляться адрес филиал  « 2гис » пациент обращаться удобный филиал пз сдача биоматериал исследование пцр  « коронавирус » пациент недовольный  « 2гис »  никакой информация ограничение прием биоматериал ковид пациент потерять деньги время пациент просить разбираться принимать мера ждать звонок администрация
54,претензия хотеть клиент –  пациент хотеть записываться узи телефон сотрудник пз нахамить узи записывать предлагать никакой время
55,претензия хотеть клиент  –  сотрудник пз внимательный давать сотрудник лист назначать анализ вносить взять весь анализ считать обязанный ничто проверять
56,"претензия хотеть клиент  –  пз работать квалифицированный сотрудник мочь назначать анализ информация медсестра являться врач мочь назначать анализ слышать ),  разговор позволять оскорблять сотрудник пз"
57,претензия хотеть клиент  –  клиент обращаться пз сдача анализ  « пцр фемофлора » горячий линия предоставлять информация проводиться забор исследование 19 00 пз отказывать причина т отъезд машина клиент обращать внимание медицинский персонал вести корректно смеяться
58,пациент недовольный результат исследование английский язык клиент допускать ошибка пациент недовольный результат вносить паспортный данные пациент утверждать сотрудник оформление пообещать результат паспортный данные вносить просить разбираться ждать срочный обратный связь пациент завтра вылет
59,пациент обращаться пз получение результат отказывать проводиться забор исследование ковид 19 сотрудник сбербанк человек регистрировать провожать забор анализ связь долгий ожидание
60,пациент крайне недовольный вместо исследование  « мно »  выполнять  « ачтв » пациент просить разбираться принимать мера ждать звонок администрация
61,претензия хотеть клиент  –  недовольный изначально выдавать лицензия указывать договор пз медсестра отказываться помогать вопрос клиент недовольный пз работать сотрудник ждать обратный связь итог рассмотрение
62,претензия хотеть клиент  –  пациент обращаться направление врач пз сдача анализ пациент попросить подсказывать анализ сдаваться 3 5 день менструальный цикл регистратор начало по-хамски вести отношение пациент отказываться  « подсказывать »  анализ необходимо сдавать
63,"претензия хотеть клиент  –   обращаться самостоятельно пз г краснодар проинформировать регистратор исследование  « тромбодинамика »,  сдаваться зависимость прием л гепарин пациент направлять пз –  оформление давать пз проинформировать время спрашивать сколько делать укол обращение лечить врач готовый результат врач сказать анализ сдавать верный"
64,пациент недовольный грубый обращение сотрудник пз пациент записывать 12.00 пцр ковид 12 час закрывать дверь пациент технический перерыв пациент довольный приходиться ждать улица
65,"пациент жаловаться сотрудник пз взятие кровь пациент появляться гематома пол рука пациент ),  вопрос почему синяк медсестра отвечать  « проблема » хотеть уточнять причина мочь повлиять появление гематома жаловаться обращаться частный лаборатория платить деньги мучиться боль место"
66,претензия хотеть клиент  –  недовольный 30 мина брать анализ несколько прокалывать игла итог ребенок синяк анализ выбраковывать клиент прозвонить сообщать брак ждать обратный звонок итог рассмотрение жалоба
67,претензия хотеть клиент  –  пациент обращаться пз первый каждый хамский отношение грубить постоянно кричать
68,пациентка крайне недовольный готовность результат анализ приходить электронный почта пациент просить разбираться принимать мера ждать звонок администрация
69,претензия хотеть клиент  –  пациент обращаться пз восстановление чека ранее проинформировать горячий линия место необходимо составлять заявление восстановление документ медсестра подобающий начало вести диалог отношение пациент сказать ничто известно полный информация владеть горячий линия документ восстанавливаться сказать обращаться вопрос праздник
70,"претензия хотеть клиент  –  пз анализ лежать беспорядочно , « навалить куча »,  перепутывать чей сомневаться анализ потеряться пациент сделать фотография требовать течение 2 час связываться руководство давать объяснение угрожать оставлять жалоба государственный служба течение весь разговор использовать нецензурный брань"
71,претензия хотеть клиент  –  обращаться пз распечатка реузльтат анализ 18.30 закрывать график пз работать 19.00 пациент ждать обратный связь
72,претензия хотеть клиент  –  довольный работа медсестра пациент медсестра протирать место забор анализ спиртовой салфетка плохо прикреплять пластырь ждать обратный связь итог рассмотрение
73,претензия хотеть клиент  –  недовольный медсестра впз брать анализ оформлять заказ недовольный медсестра пациент течение час мочь верно заполнять данные пациент адрес эл почта постоянно допускать ошибка
74,претензия хотеть клиент –  медсестра находить карта дисконтный база начислять накопление карта пациентка требовать начисление накопление размер 3000р
75,пациент недовольный результат анализ пцр фемофлора 16 результат указывать недостаточный кол материал пациент заинтересовывать результат соблюдать подготовка правильно специально обращаться лаборатория пациент считать анализ из-за недостаточный количество материал адекватный
76,"пациент недовольный сотрудник оформление невнимательный допускать ошибка персональный данные пациент недовольный сотрудник неверно проинформировать пациент срок получение результат комплекс  « определение стадия инфекционный процесс ковид 19 »,  пообещать выдача результат дата сотрудник проинформировать пациент анализ выполняться рано сотрудник пз смочь исправлять дата формирование документ нужный результат готовый рано обещать срок самый сотрудник пз  « наказывать пациент »  денежный сумма пациент просить разбираться принимать мера ждать звонок администрация"
77,претензия хотеть клиент  –  пациент недовольный пз медсестра оформлять заказ брать анализ работать сотрудник
78,медицинский сотрудник работать пз непозволительный общаться пациент
79,претензия хотеть клиент  –  пациент недовольный пз большой очередь долгий заполнение документ выдавать документ заполнение улица мочь ускорять процесс
80,пациент забывать выдавать результат английский язык пз медперсонал очень рассеянный супруга искалывать рука сдача анализ накладывать повязка обратный связь просить давать эл почта
81,пациент недовольный пз лавочка
82,"претензия хотеть клиент  –  пациент недовольный задержка результат сдавать анализ дата момент звонок анализ готовый звонок бак отдел сказать материал поступать след день забор работа пациент платный запись врач город дата ),  должный предоставлять результат исследование"
83,претензия хотеть клиент  –  пациент создавать заявка 10 скидка сайт сл пациент недовольный медсестра смочь применять цена привязывать заявка № 186501 пациент утверждать медсестра находить заявка смочь применять скидка
84,претензия хотеть клиент  –  согласный выполнять анализ мочь просить комментарий выполнение анализ анализ сдавать разница 3 день анализ лейкоцит 3200 второй анализ 3 день результат совершенно комментарий врач консультант пациент устраивать
85,претензия хотеть клиент  –  справка инвалидность сделать скидка утверждать документ предоставлять подходить предлагать воспользоваться купон
86,претензия хотеть клиент  –  работать 1 сотрудник оформлять документ выполнять забор анализ происходить очень долго очередь полный оформление пациент занимать 15 20 минута сегодня пациент обращаться сдача анализ просиживать очередь длительный время сдавать анализ медсестра становиться разбираться пациент возврат денежный средство пациент прождать 30 40 минута уезжать сдавать анализ
87,претензия хотеть клиент  –  пациент медицинский сестра отказываться производить забор кровь медицинский сестра хотеть взять кровь вена кисть пациент место вена плохой подсказывать вена медицинский сестра сказать учить отказываться вообще производить забор кровь кровь все-таки взять медсестра пациент угрожать сделать 50 дырка крайне возмущать отношение
88,претензия хотеть клиент  –  отказ внесение результат пцр ковид марка срок годность тест система хамский отношение сотрудник
89,претензия хотеть клиент  –  обращаться пз сдача анализ кровь ребенок обращаться клиент медицинский сестра вести грубо поздороваться ребенок начинаться истерика муж обращаться держать ребенок рука подвигать стол медсестра накричать ничто кабинет трогать недовольный грубый обращение медицинский сестра пз анализ сдавать обращаться снова лаборатория желание
90,претензия хотеть клиент  –  оставлять жалоба оператор т неверно проинформировать график работа пз
91,претензия хотеть клиент  –  пациент жаловаться оператор колл центр пациент обращаться горячий линия запись пцр тест кровь антитело оператор записывать пациент 16 40 проинформировать пациент мочь сдавать кровь мазок 16 40 соблюдать подготовка обращение пациент пз назначать время сотрудник отказывать прием кровь объяснять отказ кровь приниматься первый половина день машина уезжать лаборатория 14 00 пациент недовольный впустую потратить свой время искать оставлять дома малыш
92,претензия хотеть клиент  –  хотеть проводить анализ просить изначально регистратор оформлять анализ бегать писать заявление возврат хотеть
93,"претензия хотеть клиент  –  пациент : « равнодушный обращение пациент давать возможность задавать интересовать вопрос »
"
94,претензия хотеть клиент  –  м 3 х человек смочь взять кровь вена ребенок весь рука истыкивать обморок доходить  « рука весь синий ребенок истерик страх весь жизнь »  перчатка м менять пациент крайне возмущать
95,претензия хотеть клиент  –  ребенок взять кровь палец оака попытка взять венозный кровь выполнять неполноценный результат причина  « мало кровь »
96,претензия хотеть клиент  –  утверждать филиал работать некомпетентный невнимательный специалист время обращение медсестра досматривать список пациент общий анализ кровь соответственно взять пациент 3 год 3 месяц обращаться повторно медсестра вообще смочь взять кровь ребенок
97,претензия хотеть клиент  –  пациент жаловаться удобный ступенька инвалид тяжело подниматься узкий пологий ступень поручень пандус дверь открываться удобно подаваться сторона
98,претензия хотеть клиент обращаться сегодня сдача анализ аллерген мед сестра сделать замечание ребенок кашлять короновирус попросить надевать маска клиент отдавать свой маска ребенок оставаться маска регистратура маска мед сестра швырнуть маска лицо : “ свой иметь ” клиент отказываться заполнять документ сдача анализ уходить клиника общаться вежливо попросить маска
99,претензия хотеть клиент  –  пациент обращаться сдача анализ оформляться никто спрашивать дисконтный карта пациент сказать карта регистратор отвечать поздно говорить карта распечатывать пациент попросить сделать отмена таки добавлять карта товарный чек регистратор отвечать отказ сказать карта пользоваться итог пациент сдавать анализ учет дисконтный карта недовольный
100,претензия хотеть клиент  –  клиент сдавать анализ анти коронавирус выполняться течение 2 х сутки считать день сдача пз сориентировать результат 29.10 9 00 результат анализ находиться стадия выполнение оставлять жалоба вводить заблуждение пз перевод звонок пз регистратор сказать смена поэтому нести ответственность
101,претензия хотеть клиент  –  недовольный регистратор грубить вести неподобающий указывать ошибка фамилия регистратор сказать  « внимательно читать » пациент кидать бумага требоваться обратный связь итог рассмотрение жалоба
102,претензия хотеть клиент  –  сотрудник лаборатория принимать штрих код скидка 300 рубль приходить почта сказать оборудование чтение вообще знать штрих код
103,претензия хотеть клиент  –  пациент обращаться пз забирать результат анализ сделать смочь филиал закрывать перерыв пациент пункт забор указывать перерыв 11 45 12 00 обращаться 12 20 дверь закрывать хотеть расписание перерыв отредактировать
104,претензия хотеть клиент  –  пациент сдавать анализ 287 предварительно обращаться горячий линия врач консультант сказать сдавать анализ пациентка переболеть ковид 19 1.5 неделя назад утверждать анализ сдавать несвоевременный т терапевт наблюдаться сказать сдавать анализ ранее месяц заболевание требовать вернуть денежный средство
105,претензия хотеть клиент  –  пациент обращаться сдача пцр тесто запись приходить 14 18 сотрудник сказать сдача необходимый предварительный запись пациент попросить предоставлять документ указывать время работа пз время взятие биоматериал указывать пцр тест запись сотрудник отказываться становиться хамить выгонять пациент оставлять жалоба сайт просить разбираться сотрудник ждать обратный связь
106,претензия хотеть клиент  – обращаться лаборатория сдача анализ антитело м иды госпитализация медсестра сказать выполняться новый совместный анализ м иды стоимость 700рублей итог выполнять анализ сотрудник лаборатория мочь лишаться возможность госпитализация требовать возврат денежный средство компенсация подавать досудебный претензия медсестра ждать ответ
107,"претензия хотеть клиент обращаться дочь линия связь сегодня отец смочь сдавать анализ пз из-за зависать компьютер пз возмущать мед персонал обращаться хамски грубый форма отвечать вопрос пациент ранее лаборатория сдавать пцр вместе обычный анализ отказывать отвечать   : « » , утверждать подтверждение т постоянный клиент просить разбираться ситуация отец пожилой онкобольной реагировать остро случаться позвонить дочь дрожать голос"
108,"претензия хотеть клиент  –  недовольный сдача анализ просчитывать скидка 10 %,  предъявлять карта карта 20 %) недовольный непрофессионализм администратор просить сделать перерасчет требоваться обратный связь"
109,претензия хотеть клиент  –  недовольный приходить пз сдавать анализ ковид м сказать одевать бахила улица пз допускать сдавать анализ пациент ждать звонок администрация пациентка перезаписывать 16.00 день т поесть
110,претензия хотеть клиент  –  пациент обращаться пз уточнять информация анализ 15 минута ждать очередь время пациент находить информация комплекс анализ интересовать попросить регистратор сделать распечатка комплекс регистратор отказывать ссылаться приходить пациент запись пцр тест нужно обслуживать пациент недовольный помогать пз ждать обратный связь
111,претензия хотеть клиент  –  обращаться ребенок сдача анализ бассейн общий очередь сдавать анализ ребенок очередь пропускать хотя baby lab клиент сдавать здоровый больной пациент пцр ковид антитело пациент оплачивать нужный анализ ребенок нужно взять соскоб энтеробиоз вместо анализ взять оака ребенок выходить слеза мать пациент спрашивать получаться медсестра отвечать перепутывать пациентка итог соскоб взять пациент недоумение работа филиал очень хотеть поговорить руководство работа филиал ждать обратный связь
112,претензия хотеть клиент  –  сегодня обращаться сдача анализ ребенок 7 год п з обращаться часто ранее брать анализ аккуратно довольный сегодня анализ брать медсестра напугать ребенок искалывать весь рука мама останавливать обращаться ресепшн приходить медсестра взять спокойно быстро анализ пациентка медсестра работать ребенок должный оставлять отзыв книга жалоба предложение ждать ответ обращение горячий линия
113,претензия хотеть клиент  –  пациент приезжать населенный пункт сдача анализ сдавать хотеть код 520 оформлять договор ожидать очередь пациент подходить мед персонла сказать анализ брать работать стажер стажер бояться брать анализ попросить приезжать 2 день сдача анализ пациент недоумение потратить время деньги дорога просить руководство разбираться почему работать квалифицированный сотрудник бояться брать анализ ждать обратный звонок
114,претензия хотеть клиент  –  пациент беременный находиться 35ой неделя беременность обращаться пз сдача гинекологический мазок жалоба мед сестра мед сестра грубо вести насмехаться пациент взятие анализ продолжать насмехаться издеваться очень больно неприятный взять мазок пациент пригрозить обращаться контактный центр сказать фамилия мед сестра пациент просить проводить беседа работник
115,претензия хотеть клиент  –  сдавать пцр ковид пациентка : « м повреждать слизистая оболочка оба ноздря нос течение 3х час идти кровянистый выделение замечание м никак отреагировать » клиент хотеть узнавать фио м давать обратный связь
116,претензия хотеть клиент  –  пациент обращаться пз сдача анализ обслуживать сотрудник вести запись принимать оплата заполнять документ брать анализ пациент попросить мед сестра сменить перчатка взять анализ мед сестра отказывать становиться повышать тон хамить итог пациент анализ сдавать мед сестра соблюдать гигиенический норма
117,претензия хотеть клиент  –   позвонить горячий линия высылать результат анализ электронный почта заказ адрес эл почта указывать утверждать предоставлять почта регистратор пз чек сохраняться номер телефон код приходить вносить эл почта заказ возможность пз забирать результат хотеть контактировать человек довольный работа сотрудник вносить эл почта высылать код номер телефон получать анализ
118,претензия хотеть клиент  –  недовольный м пз сказать анализ qr код появляться гос услуга отображаться требовать возврат ден средство пациент ждать звонок администрация
119,претензия хотеть клиент  –  жалоба сотрудница пз накричать пациентка просьба помогать заполнение документ итог помогать медработник брать анализ сегодня получение анализ ситуация повторяться
120,"претензия хотеть клиент  –  пац являться доктор приходить сдавать антитело ag ),  запись утренний время регистратор сказать требоваться запись сдача анализ узнавать изначально подходить пациент сидеть маска подбородок отвечать ухмыляться клиент попросить надевать маска правило сотрудница отвечать являться заразный окружающие маска мочь надевать удобно мед сестра  –  сильно хамить обращать решать тон разговаривать отказываться предоставлять документ иметь право делать забор анализ отсутствие сертификат пациент бейджик сотрудник пз"
121,претензия хотеть клиент  –  пациент уточнять момент обращение пз  –  загружаться данные портал гос услуга  « анти коронавирус » регистратор сориентировать наш лаборатория автоматически загружаться результат просить разбираться ситуация предоставлять обратный звонок пациент вводить заблуждение предоставлять корректный информация
122,претензия хотеть клиент  –  пациент сдавать пцр тест коронавирус супер cito пз результат анализ просить выдавать распечатывать вид живой печать подпись ответственный лицо пз предупреждать м обращаться результат м просто распечатывать результат сказать нчем мочь место требование формат результат анализ пригодный иной случай результат анализ выдавать надлежащий вид 9 00 13.11 обращаться суд взыскание сгорать путевка
123,"претензия хотеть клиент  –  обращаться пз забор исследование  « анти коронавирус »,  время 11 30 отказывать ссылаться забор оканчивать мед сестра необходимо успевать принимать пища пациент обращать внимание мед сестра принимать 1 пациент 20 минута последний очередь отказывать пациент сложно выдерживать время 4 час голод мед сестра относиться бездушно требоваться обратный звонок"
124,претензия хотеть клиент  –  пациент записывать пцр ковид код 554 16 20 пациент : « задерживаться 5 минута м сказать принимать 16 20 поздно » просить обратный связь настойчиво
125,претензия хотеть клиент  –  нужно срочно попадать прием терапевт оплачивать принимать ничто толком объяснять просить либо принимать либо вернуть деньги сотрудник филиал ничто хотеть решать отправлять  –  позвонить пациент просить решение вопрос обратный связь
126,претензия хотеть клиент  –  беременный девушка обращаться пз сдача анализ попросить ожидать улица связь маленький помещение кроме девушка улица ожидать пациент просить решать возникать ситуация выделять помещение лаборатория вмещать пациент просить обратный звонок
127,претензия хотеть клиент  –  клиент вчера обращаться пз уточнение информация анализ анти коронавирус место полностью проконсультировать озвучивать стоимость анализ  « 700 руб » обращение сегодня пз оформление заказ выставлять итоговый стоимость оплата  –  790 руб клиент возникать дополнительный вопрос почему изначально оговаривать стоимость размер 700 руб сегодня  –  790 руб регистратор обьяснивать разница производство тест-система отечественный американский клиент спрашивать : « почему предоставлять право выбор анализ » регистратор медицинский сестра сказать : «  –  терапевт » человек ожидать очередь начинать агрессивный вести отношение клиентка налетать из-за задерживать очередь сотрудник пз оставаться сторона начинать повышать тон ухмыляться клиентка попросить предоставлять книга жалоба долгий время сотрудник мочь находить заказ клиентка аннулировать конец выход отделение сотрудница сказать : « извинять » клиент просить обращать внимание отношение относиться сотрудник пациент смочь пресекать ситуация пациент начинать проявлять агрессия клиентка
128,претензия хотеть клиент  –  пациентка заранее связываться гл узнавать подготовка урогенитальный мазок оператор сказать двое сутки необходимо исключать применение вагинальный свеча м нахамить клиент сказать ничто понимать гл никто ничто понимать брать б м доводить состояние  « трясучка »  рука м пациентка связываться оператор повторять информация подготовка м допускать повышение голос скандал взять б м м извиняться доводить нервный состояние беременный женщина
129,претензия хотеть клиент  –  обращаться пз предоставлять направление список требовать анализ пациент видеть оплачивать результат поступать пац утверждать мед сестра взять показатель нужно 123 ат тпо взять 287 антитело  – короновирус спрашивать почему происходить решать проблема решение ожидать обратный связь
130,"претензия хотеть клиент жаловаться пз смочь распечатывать результат анализ связь кончаться краска предлагать оператор направлять эл формат распечатывать самостоятельно пациентка отказываться сказать : « деньги отдавать анализ печатать ничто »
"
131,претензия хотеть клиент  –  пациентка недовольный 11.40 м отказываться принимать анализ
132,претензия хотеть клиент  –   медсестра агрессивный грубый кричать вступать дискуссия просить обращать внимание поведение проводить беседа дальнейший обращаться пациент корректно спокойно просить применять серьезный дисциплинарный взыскание обратный связь
133,пациент недовольный качество обслуживание звонок пациент переводить оператор горячий линия указанный пз запись обследование узи брюшной полость пациент недовольный сотрудник позволять дерзкий хамский тон общение пациент высказывать свой недовольство звонок пациент переводить пациент считать поведение сотрудник недопустимый просить разбираться принимать мера обязательно ждать звонок администрация
134,претензия хотеть клиент  –  пациент требовать результат анализ прописывать срок годность тест система нужный обратный связь
135,претензия хотеть клиент  –   медрегистратор оформлять очень медленно 20 мина человек консультироваться весь вопрос просьба работать быстро никак отреагировать предоставлять сразу скидочный карта увидеть сказать поздно даль заплатить скидка из-за обслуживание пз опаздывать свой работа хотеться работать быстро качественный обратный связь требоваться
136,претензия хотеть клиент  –  пациент обращаться пз сдача анализ несовершеннолетний ребенок пока пациент оформляться регистратура медсестра должный брать анализ ребенок выходить полог пз покурить замечание пациент медсестра работник регистратура начинать грубить понимать причина возмущение пациент считать недопустимо ребенок брать анализ медсестра пахнуть сигарета пациент желать связываться итог рассмотрение обращение
137,"претензия хотеть клиент  –   сестра обращаться пз сдача анализ антитело коронавирус хотеть воспользоваться скидка 30 акция  « мама папа  –  вирус семья »,  документ подтверждать родство сестра свидетельство рождение паспорт свидетельство заключение брак подтверждать смена фамилия пз отказывать скидка утверждать подобный родство подпадать действие акция предъявлять документ посмотреть"
138,"пациент недовольный лаборатория принимать биоматериал венозный кровь ),  собирать пациент самостоятельно маломобильный пациент пациент отказываться услуга  « выезд медицинский сестра »  обращаться пз самостоятельно пациент просить разбираться настаивать звонок ответственный лицо мочь решать указанный вопрос ждать обратный связь"
139,пациент заранее создавать заказ сайт компания выбирать комплексный пакет   « женский здоровье »   « состояние щитовидный железа » адрес электронный почта пациент поступать подтверждение заявка итоговый сумма учет сумма весь скидка 3 866 рубль пациент недовольный факт сдача анализ сотрудник пз озвучивать сумма 4 484 рубль клиент ультимативный форма объявлять легко обращаться суд составлять жалоба почта приходить договор  « публичный оферта »  самый вводить заблуждение повод стоимость возможно пациентка суммировать весь возможный скидка знать суммироваться программа вычислять конечный стоимость услуга ограничение заказ отменять
140,пациент недовольный сотрудник неверно проинформировать срок выполнение исследование пациент обращаться указанный пз сдача биоматериал исследование число  « антитело рецептор ттг »   « йод сыворотка » сотрудник пообещать пациент выдача результат следующий день пациент заранее оплачивать прием врач пациент просить разбираться принимать мера ждать звонок администрация
141,претензия хотеть клиент  –  приезжать сдача анализ сг считать зря потерять время т простаивать очередь весь пациент хотя спермосдаточный пустой оставаться крайне недовольный
142,претензия хотеть клиент  –  хамский отношение клиент регистратура
143,претензия хотеть клиент  –  регистратор очень грубо общаться пациент хамить грубить отказываться исправлять паспортный данные пациент взять пцр мазок ковид нос пациент ожидать звонок администрация
144,претензия хотеть клиент  –  обращаться неделя назад забор кровь вена ребенок пз забор производить сегодня медсестра отказываться сказать ребенок год забор производить пациентка возмущать ребенок приходиться прождать очередь час получать ответ
145,претензия хотеть клиент  –  пациентка возмущать пз сказать сдача анализ член семья предъявление документ подтверждать родство полагать скидка 30 пациентка требовать возмещать разница учет скидка 30
146,претензия хотеть клиент  –  пациентка хотеть сдавать анализ код 512 пцр вирус простой герпес тип 1 2 кровь медсестра сказать анализ медсестра взять анализ антитело вирус простой герпес тип 1 2 g анализ подходить пациент пациентка ждать обратный звонок
147,претензия хотеть клиент  –  недовольный пз медсестра просить добавлять м пз итог рассмотрение необходимый обратный связь
148,претензия хотеть клиент  –  пациентка возмущать пз работать регистратор  « разрываться »  оформление сдача кровь утверждать очередь прождать ровно 2 час очень надеяться взять работа регистратор пациентка устраивать большой поток человек использовать бахила стоять маленький мусорка сложно попадать
149,"претензия хотеть клиент  –   некорректный поведение сотрудник пз супруг пациентка обращаться сдача исследование моча привозить контейнер материал ),  супруга предупреждать исследование необходимо выполнять возможность уточнять забывать телефон поэтому пациентка соединять горячий линия пз проинформить сотрудник свой ситуация итог супруга высмеивать сотрудник пз курс исследование необходимо выполнять"
150,претензия хотеть клиент  –  обращаться сдача анализ очень грубо по-хамски разговаривать медсестра желать результат жалоба связываться
151,претензия хотеть клиент  –  недовольный филиал закрывать 7 7.15 необходимый обратный связь
152,"претензия хотеть клиент  –   пациент сдавать анализ среди исследование антитело вич выдача справка установленный образец ),  выполняться 5 р день пациент утверждать пз сказать готовый 2 день пациент дважды обращаться пз результат сообщать вич анализ готовый сегодня очередной обращение пз сообщать справка результат находиться станица холмская пациент просить разбираться складываться ситуация ждать обратный связь"
153,претензия хотеть клиент  –   очень медленно двигаться очередь 30 мина 7 человек мочь обслуживать долго пациент оплачивать медленно просить просматривать камера разбираться почему медленно простаивать успевать сдавать анализ долго стоять очередь мочь бесплатный поликлиника просить обращать внимание дальнейший весь происходить быстро
154,пациент недовольный сотрудник отказываться выдавать результат сотрудник запрашивать свидетельство рождение ребенок пациент запрашивать именно код получение пациент смочь предоставлять сотрудник отказываться исправлять адрес электронный почта заказ код получение результат предлагать пациент обращаться горячий линия горячий линия оператор смочь помогать пациент связь отсутствие код пациент недовольный сотрудник объяснять пациент почему сдача мазок исследование пцр коронавирус необходимо 2 час строгий голод пациент просить разбираться проводить работа сотрудник пз правило выдача результат информирование пациент
155,претензия хотеть клиент  –  клиент обращаться забор определенный анализ клиент расплачиваться наличный способ предоставлять купюра размер 5000 рубль медицинский персонал смочь предоставлять сдача размен медсестра обращаться пациент  « либо искать деньги расчет либо искать способ разменивать » пациент недовольный отношение
156,пациент недовольный мед сестра приходить работа признак простуда больная принимать пациент пациент смочь сдавать биоматериал состояние сотрудник пациент просить разбираться принимать мера обратный звонок ждать
157,претензия хотеть клиент  –  недовольный пз уточнять анализ пцр ковид мочь принимать аэропорт сегодня аэропорт принимать анализ отказывать перелет необходимый обратный связь
158,"претензия хотеть клиент  –  обращаться первый каждый медсестра мочь сделать забор анализ венозный кровь ),  искалывать весь вена безрезультатно каждый приходиться вызывать сотрудник забор платный медицинский лаборатория сотрудник мочь взять кровь"
159,претензия хотеть клиент  –   ужасный качество обслуживание пз медицинский сестра корректно относиться пациент  –  грубить
160,претензия хотеть клиент  –  пациентка требовать вернуть деньги анализ anti коронавирус igg rbd s1 sars cov 2 )-  нейтрализовать антитело предоставлять результат свой врач врач смочь разбираться утверждать анализ выполнять верно требовать расшифровывать телефон горячий линия сл выполнять требование возможность т консультировать врач находиться выходной ждать рабочий день пациентка отказываться
161,претензия хотеть клиент  –  пациентка возмущать пз сказать сдача анализ член семья предъявление документ подтверждать родство полагать скидка 30 пациентка требовать возмещать разница учет скидка 30
162,претензия хотеть клиент  –  пациент недовольный качество обслуживание сотрудник вести вяло клиент общаться нехотя равнодушно сотрудник пообещать пациент позвонить сообщать результат телефон пациент обратный связь сотрудник дождаться обращаться горячий линия пациент просить разбираться принимать мера
163,пациент сдавать анализ вич выдача справка получение анализ первоначально справка пз выдавать указывать справка пациент обращаться пз сказать сделать дубликат получать пятница сказать суббота сегодня сотрудник пз проинформировать срок перенести понедельник справка пациент нужный срочно пациентка недовольный справка выдавать сразу сразу разбираться т сдавать анализ просить разбираться ждать звонок администрация
164,"претензия хотеть клиент  –  приезжать красный поляна адлер 9 00 сдача ряд исследование привязывать определенный день цикл предварительно пациентка уточнять режим прием биоматериал сотрудник контакт центр ознакомляться информация дверь пз  : « прием биоматериал ежедневно 12 30 »  пациент занимать очередь очередь огромный ),  10 30 сотрудник церемониться выставлять пациент дверь отказывать прием причина прием группа пациент организация пациентка  « бешенство »,  прием врач откладываться месяц"
165,претензия хотеть клиент  –  пациентка недовольный сотрудник пз работать очень медленно уметь работать программа создавать большой очередь
166,суть претензия пациент обращаться пз забор исследование анти коронавирус связь загруженность лаборатория долгий ожидание очередь пациент вынуждать уходить дождаться свой очередь просить применять система запись исследование крайне неудобно ожидать течение долгий время
167,претензия хотеть клиент  –  пациент недовольный сотрудник неверно проинформировать пациент срок выполнение исследование 7071 anti hdv антитело суммарный ) - 2 день пациент получать результат вовремя срок выполнение указанный исследование  –  9 сутки результат анализ требовать работодатель пациент срок устраивать пациент просить разбираться принимать мера ждать звонок администрация
168,претензия хотеть клиент  –  пациентка недовольный грубость хамство сторона м пациентка недовольный м справляться свой обязанность работать
169,суть претензия недовольный наш анализ смочь интерпретировать м пз понимать лечить доктор считать результат должный доступный понимание
170,претензия хотеть клиент  –  пациент обращаться пз получение результат м проинформировать проводиться сан обработка необходимо обращаться повторно 10 минута пациент обращаться повторно м сориентировать сан обработка находиться процесс необходимо ожидать пациент крайне устраивать отношение число вчера происходить аналогичный ситуация забор исследование
171,претензия хотеть клиент  – пациент утверждать личный врач сказать : « результат неадекватный причина недобор материал пациент сдавать анализ код 806 пациент недовольный работа м пациент просить разбираться принимать мера
172,суть претензия пациент устраивать пз работать 1 сотрудник связь долгий ожидание очередь забор стандартный исследование проводиться 11 30
173,суть претензия пациент жаловаться м пациент м квалифицировать понимать материал анализ необходимо сдавать несмотря пациент предоставлять код анализ материал сдача медлительный
174,претензия хотеть клиент  –  корректный поведение медицинский персонал медицинский сестра проводить забор анализ  « закатить »  глаз стойка регистратура сотрудник устраивать скандал клиент считать неподобающий поведение медицинский персонал
175,претензия хотеть клиент  –  линия обращаться врач претензия пз врач работать наш лаборатория постоянный основа направлять пациентка анализ  « программа пренатальный скрининг 2 го триместр »  пациентка доктор направлять сказать исследование выполнять врач нужно близкий время получать обратный связь необходимо успокаивать свой пациентка связь ситуация случаться истерика врач просить уточнять вопрос пациентка связываться пз пациентка состояние комментировать
176,суть претензия оформление заказ пз медицинский сестра проинформировать исследование  « кальпротектин кал »  выполняться 3 рабочий день итог сегодня обращение горячий линия анализ выполнять оператор проинформировать иной срок  –  5 рабочий день поэтому просить предоставлять обратный связь решение ситуация анализ необходимый определенный дата
177,претензия хотеть клиент  –  пациентка сдавать анализ cito хгч позвонить горячий линия получение консультация сдавать анализ пациент недовольный консультация получать предоставляться возможный связь отсутствие врач консультант бланк результат указывать : « мочь получать консультация горячий линия
178,претензия хотеть клиент  –  пациентка недовольный пз большой очередь м оформлять медленно пациент  « поверхностно брать анализ коронавирус »
179,претензия хотеть клиент  –  недовольный обращаться пз 18.30 пз полностью закрывать
180,суть претензия пациент обращаться сдача пцр тесто ковид свой семья пз соблюдать антиковидный мера помимо пз находиться 6 человек
181,суть претензия пациент обращаться ребенок забор исследование ребенок повышенный температура тело пациент возмущаться работа отделение 1 сотрудник оформлять проводить забор анализ долгий ожидание очередь
182,суть претензия пациент обращаться пз сдача анализ полиморфизм ген система свертывание протеин прождать очередь полчаса медсестра уточнять смочь сдавать анализ итог анализ протеин пробирка пз
183,претензия хотеть клиент  –  пациентка недовольный получать результат живой печать пациентка обращать внимание необходимый сотрудник пз заранее предупреждать формат предоставление результат исследование
184,претензия хотеть клиент –  пациент обращаться пз сдача анализ антитело коронавирусный инфекция регистратор отказывать оформление документ пациент захотеть надевать маска пациент утверждать легочный недостаточность задыхаться хотеть садиться забор анализ надевать маска регистратор отказывать пациент прием анализ
185,"претензия хотеть клиент  –  отказывать использование карта лояльность предоставление скидка сдача анализ ребенок пациент сдача анализ ранее проходить проблема пациент просить начислять стоимость анализ сдавать дата ),  скидочный карта"
186,суть претензия пациентка недовольный очередь стоять улица пускать 1 человек долгий оформление документ пациент понимать почему раздавать очередь бумага оформление сразу сокращать время ожидание почему пускать пз сразу несколько человек ускорение обслуживание пациент просить разбираться принимать мера
187,претензия хотеть клиент  –  пациент недовольный врач консультант горячий линия работать будни пациент необходимо получать консультация расшифровка анализ предоставление работодатель
188,претензия хотеть клиент –   сдавать анализ пз м пз забор кровь брать использовать материал пациентка опасаться заражение
189,претензия хотеть клиент  –  пз большой очередь длительный ожидание принимать 1 м 1 регистратор
190,суть претензия  –  пациентка недовольный пз сотрудник предупреждать анализ сдавать поздно день готовый следующий день пациентка возмущать момент пересечение граница вечер пцр анализ коронавирус просрочивать пациентка требовать возврат денежный средство
191,претензия хотеть клиент  –  пациентка недовольный м оформлять взять анализ код 300 общий анализ кровь пациентка неоднократно проговаривать 8 нужный анализ код 333 общий анализ кровь микроскопия пациент просить разбираться принимать мера срочно
192,претензия хотеть клиент  –  пациентка жаловаться очень большой очередь пз вести прием человек выполнять функция регистратор медсестра итог справляться свой работа
193,претензия хотеть клиент  – выполнять результат англ язык пациент предупреждать документ подаваться
194,претензия хотеть клиент  –  пациентка недовольный сотрудник пз вести грубо хамски отношение пациент
195,суть претензия пациент жаловаться пз медсестра работать прием анализ администратор работа пациент происходить очень медленно
196,претензия хотеть клиент  –  сдавать дом анализ акцентировать свой внимание результат нужный э почта предоставлять выездной мед сестра дважды работник получать почта проигнорировать требование пациент оставлять граф пустой оформление работник пообещать результат поступать адрес почта день гл позвонить пациентка уточнение срок подготовка результат оператор сообщать результат готовый заказ адрес э почта разгневать мама пациентка перепутывать должность мед сестра оператор становиться обвинять гл почта умышленно вносить заказ пренебрегать наш основный функционал пациентка товарный чека код доступ см сообщение отказываться слушать информация отсутствие гл сила помогать разрешение проблема т соответствие правило оператор код получение отправлять результат э почта мочь услышать отказ мать пациентка пообещать приезжать юр адрес адрес лаборатория лично переговаривать мед сестра вносить почта слушать информация мочь метод решение проблема крайне недовольный работа мед сестра доставлять неудобство требовать извинение
197,суть претензия пациентка недовольный указанный пз отец сотрудник отказывать предоставление скидка анализ код 266 размер 30 акция  « мама папа вирус семья » пациент заранее ознакомляться акция сайт компания пациент просить разбираться предоставлять скидка ждать звонок администрация
198,"претензия хотеть клиент – пациентка обращаться пз сдача комплекс витаминка "",  сайт указывать стоимость 2100 пометка учет территориальный прайс "",  пациентка понимать смысл фраза пациентка требовать обратный связь руководство вопрос информация сайт"
199,претензия хотеть клиент  –  клиент обращаться пз филиал закрывать хотя накануне уточнять информация режим работа обращать внимание корректный обращение сотрудник пациент хамить информировать стоимость исследование предоставлять информация сдача анализ 3 обращаться пз сталкиваться обращение
200,суть претензия пациент обращаться пз забирать результат анализ попросить медсестра давать комментарий медсестра грубый тон сообщать работа пациент медсестра одевать шорты майка находиться процедурный кабинет возмущать отношение
201,претензия хотеть клиент  –  пациент жаловаться первый адрес указывать электронный почта
202,"суть претензия пациент обращаться пз сдача анализ антитело вакцинация ковид пз мед регистратор предлагать сдавать комплекс  « поствакцина »,  пациент устраивать стоимость предлагать сдавать нейтрализовать антитело пациент возмущать мед персонал вести рынок сначала цена"
203,претензия хотеть клиент  –  пациентка недовольный сотрудник пз вести грубо хамски отношение пациент просить принимать мера
204,суть претензия пациент подходить пз 11.30 сдача кровь антитело коронавирус прием отказывать направлять предварительный запись
205,претензия хотеть клиент  –  обращаться просьба установка дополнительный урна рядом наш филиал пациент наш филиал выходить прием выбрасывать использовать маска вата кровь бахила просто улица самый засорять окружающий территория очень нравиться население
206,претензия хотеть клиент  –  забор исследование анти коронавирус группа человек наблюдаться кожный высыпание рука напоминать ожог воспаление проходить течение длительный период просить обращать внимание просить предоставлять обратный связь
207,претензия хотеть клиент  –  нужный чек договор т выдавать время забор пациент
208,претензия хотеть клиент  –  недовольный обращаться пз 18.30 забирать анализ висеть табличка надпись технический перерыв уборка полчаса итог анализ удаваться забирать
209,претензия хотеть клиент –  пациент недовольный пз м грубить очередь большой м сказать  : « ребенок доходить очередь »  клиент очень возмущать отношение платный лаборатория поэтому отказываться сдавать анализ  « готовый платить деньги отношение должно соответствующий » -  цитата пациент обратный связь требоваться просить принимать мера
210,претензия хотеть клиент  –  недовольный пз пообещать вносить адрес э почта заказ анализ поступать звонок гора линия обнаруживаться адрес э почта отсутствовать пациент предлагать вносить адрес э почта заказ анализ отправлять устраивать настаивать жалоба
211,претензия хотеть клиент  –  пациент утверждать сотрудник филиал неверно проинформировать срок выполнение тесто пцр
212,претензия хотеть клиент  –  пациент недовольный сотрудник неверно проинформировать пациент срок выполнение исследование пцр коронавирус пациент заранее обращаться пз уточнение информация сотрудник проинформировать пациент анализ готовый пятница вечер суббота утро пациент нужно сдавать анализ четверг обед пациент недовольный результат выполнять 16.07 21 7 00 тест подходить заселение пациент просить разбираться принимать мера
213,претензия хотеть клиент  –  пациент сдавать анализ cito пцр коронавирус проинформировать пз анализ готовый следующий день утро итог обращаться пз пациент сориентировать анализ готовый срок исполнение 16 час оповещать поэтому пациент просить разбираться ситуация услуга оказывать обращать внимание иметь смысловой нагрузка срочный режим лаборатория выполнять 2 3 час стоимость пациент просить обратный связь
214,претензия хотеть клиент  –  пациент недовольный обращение пз получение результат филиал полностью закрывать пациент считать ситуация грубый нарушение пациент смочь забирать свой результат просить разбираться принимать мера
215,"претензия хотеть клиент  –   пациент недовольный м грубый форма отказывать предоставление скидка 30 акция  « мама папа »  семья 5 человек иметь паспорт свидетельство рождение брак договор туризм весь семья пациент : «  из-за хамский отношение семья приходиться обращаться лаборатория »
"
216,претензия хотеть клиент  –  неуважительный обращение неправильный заполнение документ пациент хотеть документ заполнять правильно
217,претензия хотеть клиент  –  пациент сдавать анализ cito пцр коронавирус проинформировать анализ выполнять полночь обращение горячий линия анализ находиться стадия выполнение пациент устраивать ответ анализ выполнять 16 час поэтому просить вернуть денежный средство оказывать слуга
218,претензия хотеть клиент  – пациент обращаться пз внесение дополнение информация марка срок годность анализатор комментарий результат пцр ифа коронавирус пациент недовольный приходиться добиваться исполнение просьба течение час сотрудник отказывать помощь выполнение просьба пациент сотрудник предупреждать пациент обращаться лаборатория пациент планировать сдача снова хотеть конфликт просить разъяснять сотрудник информация обязанность
219,"претензия хотеть клиент  –  обращаться пз сдача кровь anti коронавирус антитело igg rbd s белка sars cov 2 ) [ производство usa семейный скидка 30 %,  медицинский сестра оформлять заказ anti коронавирус igg sars cov 2 ) [ bб ],  пациент : « медицинский сестра проинформировать код 287 распространяться скидка оформлять заказ код 797 »"
220,претензия хотеть клиент  –  оплата анализ получать чек отмена операция карточка деньги списывать хотеть вернуть свой деньги предлагать обращаться банк проверять баланс счет т денежный средство мочь зачислять карта пациент отказываться собираться идти пз
221,претензия хотеть клиент  –  сотрудник пз оформлять пациент пообещать результат пцр тест загружать госуслуга автоматически готовность сайт госуслуга лаборатория результат загружать пациент просить выполнять свой обязательство качество компенсация предоставлять скидка частичный возврат денежный средство
222,"претензия хотеть клиент  –  пациент обращаться 11 50 очередь 3 человек занимать заранее ),  сотрудник отказывать прием приходиться настаивать скандал сотрудник отказывать приходить сдача биоматериал пациент итог сотрудник принимать весь пациент 12 15 сотрудник оставаться 15 минута окончание прием пациент считать сотрудник пз своевольный отказывать пациент т хотеть обслуживать пациент пациент просить разбираться принимать мера"
223,претензия хотеть клиент  –  пациент недовольный получать результат анализ оака причина выбраковка пациент понедельник прием врач результат нужный срочно пациент считать выбраковка биоматериал вина медицинский сестра выполнять забор пациент требовать выполнять анализ сегодня cito пз московский 96 счет лаборатория ждать срочный звонок администрация
224,претензия хотеть клиент  –  пациент обращаться пз 7 00 7 29 мед сестра рабочий место оператор смочь уточнять причина отсутствие сотрудник необходимо сдавать анализ сколько время место давать гарантия завтра ситуация повторяться пациент возмущать требовать срочный обратный связь решение проблема
225,претензия хотеть клиент  –  пациент недовольный личный кабинет заявка статус пациент просить техпожжердку связываться решать проблема пациент недовольный сотрудник пз неверно проинформировать срок выполнение анализ пообещать готовность результат анализ код 797 следующий день
226,претензия хотеть клиент  –  администратор филиал очень медленно обслуживать пациент очередь двигаться просить принимать мера жалоба
227,претензия хотеть клиент  –  недовольный м указывать верный адрес э почта заказ анализ поступать звонок гора линия обнаруживаться адрес э почта указывать неверно пациент предлагать вносить адрес э почта заказ анализ отправлять э п пациент равный оставлять жалоба
228,претензия хотеть клиент  –   пз работать медицинский сестра находиться адекватный состояние общение пациент просьба изменение заказ электронный почта медицинский сестра начало стесняться выражение употреблять цензурный адрес пациент момент разговор присутствовать пациент планировать проводить забор исследование обращение очередь разбегаться из-за хамский отношение получение результат анализ значение повышать поэтому пациент попросить переделывать анализ медицинский сестра отвечать : « переделывать ничто собираться мочь повторно пересдавать анализ свой счет »
229,претензия хотеть клиент  –  пациент желать оставлять жалоба сотрудник пациент обращаться сдача пцр тест опаздывать 5 мина клиент ходить маска аптека пз маска предоставлять сотрудник становиться по-хамски разговаривать время пропускать сдача пцр тесто клиент просить принимать мера отношение сотрудник
230,претензия хотеть клиент –  сдавать тест антитело коронавирус код 287 возмущать 11 30 отделение закрывать далее открываться оно 12 час вопрос проинформировать оператор таков регламент работа пз считать медсестра абсолютно  « по-хамски »  обращаться требовать административный взыскание либо угодно управа м
231,претензия хотеть клиент  –  администрация место забор кровь находиться помещение соответствовать требование санпин
232,претензия хотеть клиент  –  недовольный обращение пз давать м направление работа указывать антитело m g результат м оформлять заказ g пересдавать заново анализ пациент ждать звонок администрация
233,претензия хотеть клиент  –  жаловаться работать мед сестра прием ввестись очень медленно пациент ожидать очередь 10 15 мина весь присутствующий ожидать духота неудобный длительно
234,претензия хотеть клиент  –  пациент выполнять качественный забор материал анализ код 520 пцр фемофлора 16 консультация пациент 2 гинеколог сделать вывод результат наш лаборатория недостоверный звонок переводить врач консультант гл пациент оставаться уверенный просьба разбираться давать обратный связь
235,претензия хотеть клиент  –  пациент утверждать взять анализ хотеть сдавать биохимия кровь сделать общий анализ кровь клиент настаивать переделывать анализ
236,претензия хотеть клиент  –  недовольный сдавать анализ индекс нома входить глюкоза инсулин регистратор указывать сказать м брать анализ регистратор обращать внимание пациент считать обязывать знать входить анализ регистратор мочь указывать умалчивать пробивать индекс нома глюкоза инсулин заказ пациент считать переплачивать анализ просить вернуть стоимость переплачивать анализ бонус будущий заказ пациент ждать звонок администрация итог рассмотрение
237,претензия хотеть клиент  –  недовольный пз 1 м долгий ожидание очередь пациент ждать обратный звонок
238,претензия хотеть клиент  –  пз работать медицинский сотрудник оформлять проводить забор исследование связь долгий ожидание очередь многий пациент вынуждать уходить дождаться обслуживание просить обратный звонок
239,претензия хотеть клиент  –  медицинский сестра неправильно взять анализ поздно сказать пересдавать снова результат ждать уверенный анализ выполнять правильно хотеть вернуть деньги получать правильный результат анализ скоро
240,претензия хотеть клиент  –   сдавать кровь антитело документация написать кровь исследование брать желтый пробирка дальнейший центрифугирование невестка кровь взять пробирка красный цвет документ написать итог лаборатория анализ брать по-другому переживать результат неверный говорить хотеть пожаловаться роспотребнадзор
241,претензия хотеть клиент  –  пациент недовольный перевод звонок запись врач мк номер недоступный отвечать пациент мочь записываться врач пациент недовольный пз работать  « хамовитый сотрудник » пациент недовольный пз 12 00 13 00 закрывать филиал перерыв направлять пз обратный звонок ждать просить разбираться принимать мера
242,"претензия хотеть клиент –   пациентка ждать м пз сослуживец половина 8 ),  приходить хотеть перезванивать уточнять причина отсутствие сотрудник место работать филиал суббота воскресение понедельник"
243,претензия хотеть клиент  –  пациентка возмущать работа персонал филиал человек выполнять функция администратор медсестра поэтому клиент смочь сдавать анализ свой ребенок инвалид
244,претензия хотеть клиент  –  сдача анализ пцр ускоренный режим медсестра оформлять пациент пообещать результат анализ пациент получать следующий день 8 час утро результат момент обращение гл готовый пациент самолет день
245,претензия хотеть клиент  –  недовольный обращение пз уточнение наличие запись пцр коронавирус м игнорировать попросить выходить филиал пациентка иметь возможность прозвонить гора линия уточнение обратный звонок требоваться
246,"претензия хотеть клиент  –  клиент зайти порог сдавать пцр covid 13 00 ),  медсестра отвечать хамство приходить время оплата весь купюра устраивать медицинский сестра пациент заменять деньги приходить время анализ взятие мазок медицинский сестра пациент специально сделать больно ранее пациент сдавать анализ пз чувствовать комфортно пз клиент медсестра засовывать палка самый глоток пациент уходить сдача анализ неприятный болезненный ощущение оставаться приходить снова желание хотеть проводить беседа медицинский сестра поменять работник следующий пациент работник общаться по-хамски"
247,претензия хотеть клиент  – пациент недовольный обращение пз сдача анализ 7 25 пз закрывать никакой объявление изменение режим работа дверь указывать пациент считать ситуация недопустимый просить разбираться принимать мера
248,претензия хотеть клиент  – пациент недовольный срочный режим выполняться анализ очень долго пациент нужный результат утро следующий день
249,претензия хотеть клиент  –  пациент ребенок вчера производить забор анализ оам оака мама ребенок обращать внимание медицинский сестра мочь производить забор оака связь кровь свернуться из-за пациент повышенный температура тело несколько проводить прокол связь пациент болевой эффект мед сестра изначально сообщать предупреждать забор анализ проводиться высокий температура тело клиент настаивать итог сегодня обращение пз получение результат оака выполнять брак необходимо проводить перезабор клиент устраивать клиентка просить решать ситуация иметь желание приходить пз связь мед сестра квалифицированно проводить забор кровь готовый обращаться пз перезабор
250,претензия хотеть клиент  –  отец пациент возмущать сотрудник филиал предупреждать реагент анализ ребенок кровь взять обращаться ждать обратный связь
251,претензия хотеть клиент  –  сотрудник филиал вносить почта заказ клиент просить вернуть деньги обратно пациентка ждать обратный связь
252,претензия хотеть клиент  –  пац обращаться пз считать работать профессиональный сотрудник допускать болезненный ощущение место прокол пациент появляться синяк опухать рука мочь сгибать рука локтевой сгиб оставаться царапина мед сотрудник выдергивать иголка пациент вена самый появляться шишка боль требовать обратный звонок рассмотрение претензия
253,претензия хотеть клиент  –  сегодня 8 утро пациент сдавать анализ претензия время ожидание оплата составлять 35 минута недопустимо терминал работать ждать обратный звонок
254,претензия хотеть клиент  –  пациентка довольный приходить анализ электронный почта довольный анализ приходить вовремя
255,претензия хотеть клиент  –  сдавать кровь гемоглобин анализ показывать неверный результат оказываться превышать десяток обращение пз сказать ошибка мочь пз звонить искать пациент номер клиент никто звонить повод клиент довольный работа пз лаборатория хотеть возврат денежный средство
256,"претензия хотеть клиент  –  пациентка повторно хотеть сдавать анализ  « посев микоплазма уреаплазма » ( код 600 ),  оформление заказ пз неверно указывать код далее пациентка : « название предыдущий код 610 »"
257,"претензия хотеть клиент  –  пациент недовольный обращение пз вечерний время спад жара 18 40 сдача биоматериал аллерген кровь ),   свой ребенок сотрудник равнодушно отказывать прием биоматериал сотрудник объяснять отказ кровь приниматься утренний час пациент жить 25 км филиал зря потратить время денежный средство пациент просить администрация предоставлять объяснение почему расписание дверь пз никакой ограничение 7 19 00 пациент считать информация дверь пз соответствовать действительность являться неуважение свой пациент пациентка просить разбираться принимать мера"
258,претензия хотеть клиент  –  обращаться пациент гл жалоба пз система обслуживание должный уровень требовать связываться руководство оператор ничто собираться объяснять
259,претензия хотеть клиент  –  пациентка : « обращаться пз запись пцр ковид м отказывать прием купон мобильный приложение м сказать лаборатория акция » время разговор оператор разъяснять скидка акция суммироваться пациент равный пожелать оставлять жалоба
260,претензия хотеть клиент  –  клиент обращаться пз забор анализ оплата клиент собираться предоставлять наличный путь оплата клиент предоставлять сумма расчет связь медицинский сестра сказать : « сдача искать самостоятельно необходимый сумма » клиент ситуация возмущать организация немного иначе подход клиент необходимо срочный порядок сдавать необходимый анализ из-за ситуация приходиться просить лицо перевод деньги карта
261,претензия хотеть клиент жаловаться грубый отношение сотрудник пз клиент зайти пз уточнять налоговый вычет грубый форма сказать давать просить связываться решение жалоба
262,претензия хотеть клиент  –  пациент обращаться пз сдача анализ оформление анализ регистратор фамилия вести неподобающий хамить грубо разговаривать вопрос анализ отвечать нехотя пациент отмечать вести неадекватно сначала хамить грубить становиться извиняться пациент просить разбираться ситуация научать сотрудник общаться адекватно очень ждать обратный звонок
263,"претензия хотеть клиент  –  обращаться пз забирать результат анализ антитело covid ),  попросить медицинский сестра подсказывать расшифровка анализ медсестра отвечать написать бумага расшифровывать ничто обязанный сказать звонить горячий линия пациент работник пз грубый невежливый очень некорректный вести человек пациент"
264,"претензия хотеть клиент  –  претензия сотрудник филиал жалоба некомпетентность смочь взять кровь ребенок 10 мес ),  искалывать рука отправлять филиал пациент очень злой просить принимать мера сотрудник ждать обратный связь"
265,претензия хотеть клиент  –  обращаться ребенок забор кровь производить смочь мед сестра обладать квалификация забор кровь ребенок мед сестра позвонить 2 наш филиал уточнять возможность забор кровь сориентировать сегодня специалист жалоба обращение клиент сотрудник компетентный свой работа просить обратный звонок
266,претензия хотеть клиент  –  отказываться принимать кровь палец ребенок 8 мес оба филиал причина указывать мед сестра мочь хотя ранее пациентка обращаться взрослый мед сестра брать анализ пациент ждать обратный связь
267,претензия хотеть клиент  –  пациентка недовольный пз м посоветовать анализ сдавать антитело вакцинация коронавирус получать результат течение сутки м сказать анализ готовый понедельник
268,претензия хотеть клиент  –  пациент обращаться пз сдача анализ рассчитывать расплачиваться мелочь номинал 5 10 рубль пз отказываться принимать мелочь ссылаться лаборатория   –  частный организация сотрудник иметь право отказываться прием мелочь пациент расплачиваться карта попросить официальный отказ бумага отказывать планировать обращаться полиция считать нарушать закон рф
269,претензия хотеть клиент  –  недовольный м пз предупреждать анализ 532 пцр вирус гепатит c hcv c определение тип тип 1 2 3 рассматриваться тип 1 2 3 1а 1б т д итог рассмотрение жалоба просить возврат денежный средство обязательный обратный звонок
